"","artist","wiki_uri"
"1","""Weird Al"" Yankovic","https://www.wikidata.org/wiki/Q8349"
"6","(+44)",""
"7","10 years",""
"8","112","https://www.wikidata.org/wiki/Q170487"
"15","2 Chainz","https://www.wikidata.org/wiki/Q129668"
"63","2 Pistols","https://www.wikidata.org/wiki/Q222862"
"64","21 Savage","https://www.wikidata.org/wiki/Q25095399"
"88","2gether",""
"89","3 Doors Down","https://www.wikidata.org/wiki/Q175097"
"100","311",""
"101","3LW","https://www.wikidata.org/wiki/Q1771216"
"104","3OH!3","https://www.wikidata.org/wiki/Q229496"
"116","5 Seconds of Summer","https://www.wikidata.org/wiki/Q4641147"
"128","50 Cent","https://www.wikidata.org/wiki/Q6060"
"153","50 cent feat. mobb deep",""
"154","504 boyz",""
"155","6ix9ine","https://www.wikidata.org/wiki/Q44479972"
"163","6LACK","https://www.wikidata.org/wiki/Q27886640"
"164","702",""
"165","78violet","https://www.wikidata.org/wiki/Q269646"
"170","98 Degrees","https://www.wikidata.org/wiki/Q277230"
"173","A Boogie wit da Hoodie","https://www.wikidata.org/wiki/Q27927826"
"180","A Great Big World","https://www.wikidata.org/wiki/Q15136158"
"183","a perfect circle",""
"185","a rocket to the moon",""
"186","A Thousand Horses","https://www.wikidata.org/wiki/Q19864280"
"187","A Tribe Called Quest","https://www.wikidata.org/wiki/Q300602"
"188","A-Trak","https://www.wikidata.org/wiki/Q277976"
"189","A. R. Rahman","https://www.wikidata.org/wiki/Q108560"
"191","a*teens",""
"192","Aaliyah","https://www.wikidata.org/wiki/Q11617"
"200","Aaron Carter","https://www.wikidata.org/wiki/Q301818"
"202","aaron lewis",""
"203","aaron lewis of staind",""
"204","Aaron Lines","https://www.wikidata.org/wiki/Q302287"
"205","Aaron Tippin","https://www.wikidata.org/wiki/Q302860"
"207","Ace Hood","https://www.wikidata.org/wiki/Q340019"
"211","Action Bronson","https://www.wikidata.org/wiki/Q2823641"
"212","Adam Lambert","https://www.wikidata.org/wiki/Q190231"
"222","adam levine",""
"224","Adam Wakefield","https://www.wikidata.org/wiki/Q39086084"
"226","Adele","https://www.wikidata.org/wiki/Q23215"
"239","aerosmith",""
"240","afi",""
"242","Afrojack","https://www.wikidata.org/wiki/Q349041"
"246","Afroman","https://www.wikidata.org/wiki/Q225855"
"247","AJR","https://www.wikidata.org/wiki/Q16154058"
"249","Akon","https://www.wikidata.org/wiki/Q32849"
"263","alabama shakes",""
"264","Alan Jackson","https://www.wikidata.org/wiki/Q380927"
"284","Alan Walker","https://www.wikidata.org/wiki/Q21808729"
"285","Alanis Morissette","https://www.wikidata.org/wiki/Q130742"
"287","Alejandro Sanz","https://www.wikidata.org/wiki/Q276170"
"288","Alessia Cara","https://www.wikidata.org/wiki/Q20090091"
"292","Alesso","https://www.wikidata.org/wiki/Q965455"
"293","Alex Clare","https://www.wikidata.org/wiki/Q950204"
"294","Alexandra Stan","https://www.wikidata.org/wiki/Q1453"
"295","alice deejay",""
"296","alice in chains",""
"297","Alice Merton","https://www.wikidata.org/wiki/Q29016765"
"298","Alicia Keys","https://www.wikidata.org/wiki/Q121507"
"315","alien ant farm",""
"316","Alisan Porter","https://www.wikidata.org/wiki/Q521790"
"317","Alison Gold","https://www.wikidata.org/wiki/Q18719111"
"318","all star tribute",""
"319","all time low",""
"320","Aloe Blacc","https://www.wikidata.org/wiki/Q49319"
"321","alpha rev",""
"322","Alvin and the Chipmunks","https://www.wikidata.org/wiki/Q917295"
"326","amanda",""
"327","amanda brown",""
"328","amanda perez",""
"330","amber",""
"331","amber carrington",""
"332","Amel Larrieux","https://www.wikidata.org/wiki/Q2842639"
"333","american authors",""
"334","american hi-fi",""
"335","american idol finalists",""
"336","american idol finalists season 4",""
"337","Amerie","https://www.wikidata.org/wiki/Q233377"
"340","Amine","https://www.wikidata.org/wiki/Q2843405"
"341","Amy Winehouse","https://www.wikidata.org/wiki/Q15897"
"343","anais",""
"344","anastacia",""
"345","andrew mcmahon in the wilderness",""
"346","Andy Grammer","https://www.wikidata.org/wiki/Q4299814"
"351","Andy Griggs","https://www.wikidata.org/wiki/Q4760750"
"355","Andy Williams","https://www.wikidata.org/wiki/Q214548"
"358","angel city",""
"359","Angie Martinez","https://www.wikidata.org/wiki/Q438271"
"361","Angie Stone","https://www.wikidata.org/wiki/Q241660"
"364","Anita Baker","https://www.wikidata.org/wiki/Q255697"
"365","anna kendrick",""
"367","Anna Nalick","https://www.wikidata.org/wiki/Q264610"
"369","AnnaSophia Robb","https://www.wikidata.org/wiki/Q105695"
"370","anne hathaway",""
"371","Annie Lennox","https://www.wikidata.org/wiki/Q151231"
"372","anthony hamilton",""
"374","Antoine Dodson","https://www.wikidata.org/wiki/Q3381435"
"375","Anya Marina","https://www.wikidata.org/wiki/Q259572"
"376","apocalyptica",""
"377","arcade fire",""
"378","Archduke Franz Ferdinand","https://www.wikidata.org/wiki/Q43063"
"380","arctic monkeys",""
"381","Ariana Grande","https://www.wikidata.org/wiki/Q151892"
"401","Arianna","https://www.wikidata.org/wiki/Q5703956"
"402","Armin van Buuren","https://www.wikidata.org/wiki/Q62617"
"403","artists for haiti",""
"404","artists of then",""
"405","artists stand up to cancer",""
"406","ASAP Ferg","https://www.wikidata.org/wiki/Q15648254"
"410","ASAP Rocky","https://www.wikidata.org/wiki/Q129910"
"417","Ashanti","https://www.wikidata.org/wiki/Q161877"
"424","Asher Roth","https://www.wikidata.org/wiki/Q469756"
"427","Ashlee Simpson","https://www.wikidata.org/wiki/Q213521"
"434","Ashley Parker Angel","https://www.wikidata.org/wiki/Q725986"
"436","Ashley Tisdale","https://www.wikidata.org/wiki/Q127471"
"440","Ashton Shepherd","https://www.wikidata.org/wiki/Q4522912"
"441","atc",""
"442","Auburn","https://www.wikidata.org/wiki/Q441906"
"443","Audioslave","https://www.wikidata.org/wiki/Q486830"
"450","August Alsina","https://www.wikidata.org/wiki/Q15277032"
"453","august alsina featuing trinidad james",""
"454","augustana",""
"456","Auliʻi Cravalho","https://www.wikidata.org/wiki/Q24455611"
"457","Austin Mahone","https://www.wikidata.org/wiki/Q556589"
"459","Avant","https://www.wikidata.org/wiki/Q724485"
"467","Avenged Sevenfold","https://www.wikidata.org/wiki/Q165193"
"471","aventura",""
"472","Avicii","https://www.wikidata.org/wiki/Q505476"
"478","Avril Lavigne","https://www.wikidata.org/wiki/Q30449"
"497","awolnation",""
"498","Ayo & Teo","https://www.wikidata.org/wiki/Q30101218"
"499","b.g.",""
"500","B.o.B","https://www.wikidata.org/wiki/Q45667"
"515","B2K","https://www.wikidata.org/wiki/Q795279"
"521","Baauer","https://www.wikidata.org/wiki/Q4671711"
"522","baby",""
"524","Baby Bash","https://www.wikidata.org/wiki/Q708231"
"528","Baby Boy da Prince","https://www.wikidata.org/wiki/Q4838225"
"529","babyface",""
"531","Backstreet Boys","https://www.wikidata.org/wiki/Q17140"
"542","bad boy's da band",""
"543","bad meets evil",""
"545","Bad Wolves","https://www.wikidata.org/wiki/Q48720091"
"546","baha men",""
"548","band aid 30",""
"549","bandit gang marco",""
"550","Barenaked Ladies","https://www.wikidata.org/wiki/Q371997"
"553","Barrett Baber","https://www.wikidata.org/wiki/Q21872417"
"554","bastille",""
"556","Bazzi","https://www.wikidata.org/wiki/Q48720231"
"557","BBMak","https://www.wikidata.org/wiki/Q585404"
"560","Bea Miller","https://www.wikidata.org/wiki/Q16240326"
"561","Beanie Sigel","https://www.wikidata.org/wiki/Q516716"
"562","beastie boys",""
"564","Bebe Rexha","https://www.wikidata.org/wiki/Q16185856"
"568","beck",""
"570","Becky G","https://www.wikidata.org/wiki/Q1393997"
"575","Beenie Man","https://www.wikidata.org/wiki/Q589846"
"579","before dark",""
"580","Bella Thorne","https://www.wikidata.org/wiki/Q208117"
"582","Belly","https://www.wikidata.org/wiki/Q937045"
"583","Ben Folds","https://www.wikidata.org/wiki/Q435681"
"585","Ben Rector","https://www.wikidata.org/wiki/Q4886334"
"586","Benzino","https://www.wikidata.org/wiki/Q818504"
"587","Beth Hart","https://www.wikidata.org/wiki/Q204804"
"588","Beyoncé","https://www.wikidata.org/wiki/Q36153"
"635","Big & Rich","https://www.wikidata.org/wiki/Q2902100"
"643","Big Pun","https://www.wikidata.org/wiki/Q380656"
"644","Big Sean","https://www.wikidata.org/wiki/Q367634"
"692","Big Time Rush","https://www.wikidata.org/wiki/Q752419"
"695","Big Tymers","https://www.wikidata.org/wiki/Q859463"
"699","bilal",""
"700","Billie Eilish","https://www.wikidata.org/wiki/Q29564107"
"701","Billy Currington","https://www.wikidata.org/wiki/Q452441"
"717","billy dean",""
"718","Billy Gilman","https://www.wikidata.org/wiki/Q803786"
"720","Billy Ray Cyrus","https://www.wikidata.org/wiki/Q231259"
"723","Birdman","https://www.wikidata.org/wiki/Q361661"
"730","bjork",""
"731","Blac Youngsta",""
"732","Black Rob","https://www.wikidata.org/wiki/Q2905457"
"733","Blackbear","https://www.wikidata.org/wiki/Q22974007"
"734","Blaine Larsen","https://www.wikidata.org/wiki/Q881129"
"735","blake lewis",""
"736","Blake Shelton","https://www.wikidata.org/wiki/Q94831"
"772","blaque",""
"773","blink-182","https://www.wikidata.org/wiki/Q482477"
"779","bloodhound gang",""
"780","Blu Cantrell","https://www.wikidata.org/wiki/Q440676"
"783","blue county",""
"784","blue october",""
"786","Bo Bice","https://www.wikidata.org/wiki/Q553543"
"788","Bobby Brackins","https://www.wikidata.org/wiki/Q888457"
"789","Bobby Helms","https://www.wikidata.org/wiki/Q888554"
"790","Bobby Pinson","https://www.wikidata.org/wiki/Q4935464"
"791","Bobby Shmurda","https://www.wikidata.org/wiki/Q17501920"
"793","Bobby V","https://www.wikidata.org/wiki/Q682511"
"798","body head bangerz",""
"799","bone crusher",""
"801","bone thugs-n-harmony",""
"802","Bonnie McKee","https://www.wikidata.org/wiki/Q2026055"
"803","boomkat",""
"804","Boosie Badazz","https://www.wikidata.org/wiki/Q166454"
"806","Bow Wow","https://www.wikidata.org/wiki/Q312173"
"823","bow wow or r. kelly (featuring t.i.",""
"824","Bowling for Soup","https://www.wikidata.org/wiki/Q895463"
"828","Boys Like Girls","https://www.wikidata.org/wiki/Q655648"
"833","boyz ii men",""
"834","boyz n da hood",""
"835","Brad Paisley","https://www.wikidata.org/wiki/Q39639"
"873","Brandi Carlile","https://www.wikidata.org/wiki/Q164060"
"874","Brandy Norwood","https://www.wikidata.org/wiki/Q690974"
"880","Brantley Gilbert","https://www.wikidata.org/wiki/Q4957684"
"889","Breaking Benjamin","https://www.wikidata.org/wiki/Q271984"
"896","breathe carolina",""
"897","Brenda Lee","https://www.wikidata.org/wiki/Q230925"
"900","Brett Eldredge","https://www.wikidata.org/wiki/Q4962147"
"906","Brett Young","https://www.wikidata.org/wiki/Q25189679"
"912","Brian McComas","https://www.wikidata.org/wiki/Q4964666"
"913","Brian McKnight","https://www.wikidata.org/wiki/Q1153370"
"917","Bridgit Mendler","https://www.wikidata.org/wiki/Q213736"
"921","Britney Spears","https://www.wikidata.org/wiki/Q11975"
"954","Britt Nicole","https://www.wikidata.org/wiki/Q452364"
"955","Broadway for Orlando","https://www.wikidata.org/wiki/Q24901220"
"956","Brooke Hogan","https://www.wikidata.org/wiki/Q234556"
"957","Brooke Valentine","https://www.wikidata.org/wiki/Q443292"
"958","Brooke White","https://www.wikidata.org/wiki/Q1322285"
"959","Brooks & Dunn","https://www.wikidata.org/wiki/Q929683"
"979","Brothers Osborne","https://www.wikidata.org/wiki/Q16208058"
"981","brown boy",""
"982","Bruce Springsteen","https://www.wikidata.org/wiki/Q1225"
"986","Bruno Mars","https://www.wikidata.org/wiki/Q1450"
"1003","Bryson Tiller","https://www.wikidata.org/wiki/Q21066641"
"1011","BT","https://www.wikidata.org/wiki/Q361431"
"1012","BTS","https://www.wikidata.org/wiki/Q13580495"
"1016","Bubba Sparxxx","https://www.wikidata.org/wiki/Q958708"
"1018","buck 22",""
"1019","buckcherry",""
"1022","Bucky Covington","https://www.wikidata.org/wiki/Q2927481"
"1025","Buddy Jewell","https://www.wikidata.org/wiki/Q3646456"
"1027","Burl Ives","https://www.wikidata.org/wiki/Q315723"
"1030","bush",""
"1031","Busta Rhymes","https://www.wikidata.org/wiki/Q59185"
"1043","c-side",""
"1044","ca$h out",""
"1046","ca$hout",""
"1047","caesars",""
"1048","cage the elephant",""
"1050","cali swag district",""
"1051","Calum Scott","https://www.wikidata.org/wiki/Q20685460"
"1052","Calvin Harris","https://www.wikidata.org/wiki/Q81637"
"1070","Cam","https://www.wikidata.org/wiki/Q20630660"
"1071","Cam'ron","https://www.wikidata.org/wiki/Q434913"
"1076","Camila Cabello","https://www.wikidata.org/wiki/Q18810940"
"1082","Canaan Smith","https://www.wikidata.org/wiki/Q5029183"
"1083","Candice Glover","https://www.wikidata.org/wiki/Q11862854"
"1084","capital cities",""
"1085","Cardi B","https://www.wikidata.org/wiki/Q29033668"
"1105","carl thomas",""
"1108","Carlos Vives","https://www.wikidata.org/wiki/Q965888"
"1109","Carly Pearce","https://www.wikidata.org/wiki/Q29913337"
"1110","Carly Rae Jepsen","https://www.wikidata.org/wiki/Q52583"
"1115","carolina liar",""
"1116","Carolyn Dawn Johnson","https://www.wikidata.org/wiki/Q5045343"
"1120","Carrie Underwood","https://www.wikidata.org/wiki/Q215546"
"1150","cartel",""
"1151","cascada",""
"1154","case",""
"1155","casey james",""
"1156","Casey Weston","https://www.wikidata.org/wiki/Q5048604"
"1157","cash cash",""
"1158","Cashmere Cat","https://www.wikidata.org/wiki/Q3930275"
"1159","Casper Magico",""
"1160","Cassadee Pope","https://www.wikidata.org/wiki/Q2941198"
"1165","Cassidy","https://www.wikidata.org/wiki/Q733841"
"1169","cassie",""
"1171","cast of camp rock",""
"1172","cast of rent",""
"1173","CeeLo Green","https://www.wikidata.org/wiki/Q4042"
"1176","Céline Dion","https://www.wikidata.org/wiki/Q5105"
"1181","Chad Brock","https://www.wikidata.org/wiki/Q1058532"
"1183","Chad Kroeger","https://www.wikidata.org/wiki/Q294723"
"1184","cham",""
"1186","Chamillionaire","https://www.wikidata.org/wiki/Q299132"
"1189","Chance the Rapper","https://www.wikidata.org/wiki/Q12470060"
"1191","changing faces",""
"1192","Chanté Moore","https://www.wikidata.org/wiki/Q2956436"
"1193","Charli XCX","https://www.wikidata.org/wiki/Q5084390"
"1195","Charlie Puth","https://www.wikidata.org/wiki/Q19810390"
"1204","charlie wilson",""
"1206","Charlie Worsham","https://www.wikidata.org/wiki/Q5085729"
"1207","Chase Bryant","https://www.wikidata.org/wiki/Q17579906"
"1209","Chase Rice","https://www.wikidata.org/wiki/Q5087189"
"1212","Cheat Codes","https://www.wikidata.org/wiki/Q23978754"
"1213","Chedda Da Connect","https://www.wikidata.org/wiki/Q21005331"
"1214","Chely Wright","https://www.wikidata.org/wiki/Q438355"
"1215","Cher","https://www.wikidata.org/wiki/Q12003"
"1216","Cher Lloyd","https://www.wikidata.org/wiki/Q230451"
"1218","cherie",""
"1219","cherish",""
"1222","chevelle",""
"1225","Cheyenne Kimball","https://www.wikidata.org/wiki/Q289423"
"1226","Chico DeBarge","https://www.wikidata.org/wiki/Q5096420"
"1227","Chidera Anamege","https://www.wikidata.org/wiki/Q25374490"
"1228","Chief Keef","https://www.wikidata.org/wiki/Q127362"
"1230","China Anne McClain","https://www.wikidata.org/wiki/Q230943"
"1232","Chingy","https://www.wikidata.org/wiki/Q318792"
"1239","Chloe Kohanski","https://www.wikidata.org/wiki/Q46171971"
"1240","Choppa","https://www.wikidata.org/wiki/Q3675407"
"1241","Chris Blue","https://www.wikidata.org/wiki/Q30033727"
"1242","Chris Brown","https://www.wikidata.org/wiki/Q155700"
"1291","chris brown feat. ludacris",""
"1292","Chris Cagle","https://www.wikidata.org/wiki/Q1077072"
"1301","chris cornell",""
"1302","Chris Daughtry","https://www.wikidata.org/wiki/Q877858"
"1314","Chris Eagles","https://www.wikidata.org/wiki/Q296207"
"1315","Chris Jamison","https://www.wikidata.org/wiki/Q18637506"
"1318","Chris Janson","https://www.wikidata.org/wiki/Q5106993"
"1320","Chris Lane","https://www.wikidata.org/wiki/Q17916987"
"1322","Chris Medina","https://www.wikidata.org/wiki/Q1077546"
"1323","Chris Stapleton","https://www.wikidata.org/wiki/Q5108148"
"1330","Chris Young","https://www.wikidata.org/wiki/Q952176"
"1347","Chrisette Michele","https://www.wikidata.org/wiki/Q290550"
"1348","christian castro",""
"1349","Christina Aguilera","https://www.wikidata.org/wiki/Q41594"
"1374","Christina Grimmie","https://www.wikidata.org/wiki/Q231713"
"1378","Christina Milian","https://www.wikidata.org/wiki/Q230501"
"1382","Christina Perri","https://www.wikidata.org/wiki/Q229341"
"1387","christopher wilde",""
"1390","Chuck Wicks","https://www.wikidata.org/wiki/Q2967614"
"1392","Ciara","https://www.wikidata.org/wiki/Q203223"
"1408","city high",""
"1410","CL","https://www.wikidata.org/wiki/Q483683"
"1411","Clay Aiken","https://www.wikidata.org/wiki/Q347128"
"1414","Clay Davidson","https://www.wikidata.org/wiki/Q5129885"
"1415","Clay Walker","https://www.wikidata.org/wiki/Q320583"
"1421","Clean Bandit","https://www.wikidata.org/wiki/Q11838808"
"1423","Clint Black","https://www.wikidata.org/wiki/Q320264"
"1425","clipse",""
"1428","cobra starship",""
"1431","Colbie Caillat","https://www.wikidata.org/wiki/Q228860"
"1442","Colby O'Donis","https://www.wikidata.org/wiki/Q350581"
"1443","cold",""
"1444","Coldplay","https://www.wikidata.org/wiki/Q45188"
"1465","Cole Swindell","https://www.wikidata.org/wiki/Q15101510"
"1473","Collin Raye","https://www.wikidata.org/wiki/Q1109596"
"1474","Common","https://www.wikidata.org/wiki/Q286022"
"1480","Coo Coo Cal","https://www.wikidata.org/wiki/Q5166799"
"1481","Corbin Bleu","https://www.wikidata.org/wiki/Q4617"
"1483","corey",""
"1484","Corinne Bailey Rae","https://www.wikidata.org/wiki/Q231472"
"1486","counting crows",""
"1489","Craig Campbell","https://www.wikidata.org/wiki/Q5180801"
"1493","craig david",""
"1496","Craig Morgan","https://www.wikidata.org/wiki/Q1138616"
"1508","Craig Wayne Boyd","https://www.wikidata.org/wiki/Q18648718"
"1511","crazy frog",""
"1512","crazy town",""
"1513","Creed","https://www.wikidata.org/wiki/Q308816"
"1519","crime mob",""
"1521","crossfade",""
"1522","Crystal Bowersox","https://www.wikidata.org/wiki/Q271795"
"1523","css",""
"1524","Cupid","https://www.wikidata.org/wiki/Q5194501"
"1525","Currensy","https://www.wikidata.org/wiki/Q1144846"
"1526","Cyndi Thomson","https://www.wikidata.org/wiki/Q5199913"
"1527","D.R.A.M.","https://www.wikidata.org/wiki/Q25138504"
"1528","D'Angelo","https://www.wikidata.org/wiki/Q933598"
"1530","D12","https://www.wikidata.org/wiki/Q154543"
"1534","d4l",""
"1536","Da Brat","https://www.wikidata.org/wiki/Q449634"
"1539","Daddy Yankee","https://www.wikidata.org/wiki/Q272591"
"1545","Dae Dae","https://www.wikidata.org/wiki/Q24455037"
"1546","daft punk",""
"1548","Daimaou Kosaka","https://www.wikidata.org/wiki/Q11410993"
"1550","Damian Marley","https://www.wikidata.org/wiki/Q310796"
"1551","damien",""
"1552","damizza presents shade sheist",""
"1553","Dan + Shay","https://www.wikidata.org/wiki/Q16959408"
"1558","daniel bedingfield",""
"1560","Daniel Powter","https://www.wikidata.org/wiki/Q313698"
"1561","daniel rodriguez",""
"1562","Danielle Bradbery","https://www.wikidata.org/wiki/Q13515268"
"1569","Danielle Bregoli López","https://www.wikidata.org/wiki/Q28784685"
"1571","Danity Kane","https://www.wikidata.org/wiki/Q1060468"
"1575","Danny Gokey","https://www.wikidata.org/wiki/Q3015250"
"1576","Dante Thomas","https://www.wikidata.org/wiki/Q327586"
"1577","Darius Rucker","https://www.wikidata.org/wiki/Q445405"
"1589","Darren Hayes","https://www.wikidata.org/wiki/Q527055"
"1590","Darryl Worley","https://www.wikidata.org/wiki/Q1166731"
"1597","Darude","https://www.wikidata.org/wiki/Q360591"
"1598","Daryl Hall","https://www.wikidata.org/wiki/Q1166988"
"1599","dashboard confessional",""
"1601","Dave Hollister","https://www.wikidata.org/wiki/Q5228987"
"1603","Dave Matthews Band","https://www.wikidata.org/wiki/Q832086"
"1610","david archuleta",""
"1612","david ball",""
"1613","David Banner","https://www.wikidata.org/wiki/Q708506"
"1616","David Bowie","https://www.wikidata.org/wiki/Q5383"
"1619","David Cook","https://www.wikidata.org/wiki/Q310580"
"1626","david gray",""
"1627","David Guetta","https://www.wikidata.org/wiki/Q8298"
"1647","David Lee Murphy","https://www.wikidata.org/wiki/Q1175163"
"1649","David Nail","https://www.wikidata.org/wiki/Q1111350"
"1653","Dawin","https://www.wikidata.org/wiki/Q22270660"
"1654","day26",""
"1656","Daya","https://www.wikidata.org/wiki/Q21005558"
"1658","de la soul",""
"1659","deadmau5","https://www.wikidata.org/wiki/Q49009"
"1660","death cab for cutie",""
"1662","Debelah Morgan","https://www.wikidata.org/wiki/Q841277"
"1663","deborah cox",""
"1665","default",""
"1666","Dej Loaf","https://www.wikidata.org/wiki/Q18580236"
"1669","Dem Franchize Boyz","https://www.wikidata.org/wiki/Q603402"
"1673","Demi Lovato","https://www.wikidata.org/wiki/Q41173"
"1698","depeche mode",""
"1700","Derez De'Shon",""
"1701","descendants 2 cast",""
"1702","Desiigner","https://www.wikidata.org/wiki/Q23091498"
"1704","Destiny's Child","https://www.wikidata.org/wiki/Q153056"
"1716","dev",""
"1719","Devin Dawson","https://www.wikidata.org/wiki/Q42211910"
"1722","Dia Frampton","https://www.wikidata.org/wiki/Q5270087"
"1725","diamond rio",""
"1728","Diana DeGarmo","https://www.wikidata.org/wiki/Q464246"
"1729","diddy",""
"1732","dido",""
"1734","Dierks Bentley","https://www.wikidata.org/wiki/Q617932"
"1758","Diggy Simmons","https://www.wikidata.org/wiki/Q267435"
"1759","dilated peoples",""
"1760","Dillon Francis","https://www.wikidata.org/wiki/Q5276931"
"1761","dirty vegas",""
"1762","Disclosure","https://www.wikidata.org/wiki/Q1228440"
"1764","disney's friends for change",""
"1765","Disturbed","https://www.wikidata.org/wiki/Q131366"
"1771","Dixie Chicks","https://www.wikidata.org/wiki/Q142636"
"1781","DJ Drama","https://www.wikidata.org/wiki/Q1154079"
"1785","DJ Esco","https://www.wikidata.org/wiki/Q57586116"
"1786","DJ Felli Fel","https://www.wikidata.org/wiki/Q851812"
"1787","DJ Khaled","https://www.wikidata.org/wiki/Q80805"
"1815","dj khaled feat. akon",""
"1816","DJ Laz","https://www.wikidata.org/wiki/Q21087"
"1818","DJ Next","https://www.wikidata.org/wiki/Q22320398"
"1819","DJ Sammy","https://www.wikidata.org/wiki/Q360377"
"1820","DJ Snake","https://www.wikidata.org/wiki/Q16728588"
"1824","dj suede the remix god",""
"1825","DJ Webstar","https://www.wikidata.org/wiki/Q5205501"
"1826","DLow","https://www.wikidata.org/wiki/Q22004081"
"1827","DMX","https://www.wikidata.org/wiki/Q223769"
"1834","DNCE","https://www.wikidata.org/wiki/Q21648421"
"1836","dolla",""
"1837","Don Henley","https://www.wikidata.org/wiki/Q316454"
"1838","Don Omar","https://www.wikidata.org/wiki/Q310539"
"1841","Donald Glover","https://www.wikidata.org/wiki/Q1239933"
"1846","Donell Jones","https://www.wikidata.org/wiki/Q1241173"
"1850","Dorrough","https://www.wikidata.org/wiki/Q1250408"
"1851","Dove Cameron","https://www.wikidata.org/wiki/Q13560423"
"1853","down a.k.a. kilo",""
"1855","Dr. Dre","https://www.wikidata.org/wiki/Q6078"
"1860","dragonforce",""
"1861","Drake","https://www.wikidata.org/wiki/Q33240"
"1973","Drama","https://www.wikidata.org/wiki/Q5305696"
"1974","dream",""
"1976","Dreezy","https://www.wikidata.org/wiki/Q18921671"
"1977","Driicky Graham","https://www.wikidata.org/wiki/Q5307529"
"1978","dru hill",""
"1980","Dua Lipa","https://www.wikidata.org/wiki/Q21914464"
"1985","duck sauce",""
"1986","duffy",""
"1987","duran duran",""
"1988","Dustin Lynch","https://www.wikidata.org/wiki/Q5317118"
"1995","Dwayne Johnson","https://www.wikidata.org/wiki/Q10738"
"1996","Dwele","https://www.wikidata.org/wiki/Q712624"
"1997","Dylan Scott","https://www.wikidata.org/wiki/Q18211409"
"1998","E-40","https://www.wikidata.org/wiki/Q162634"
"2000","Eamon","https://www.wikidata.org/wiki/Q577925"
"2001","Easton Corbin","https://www.wikidata.org/wiki/Q1278287"
"2008","Eazy-E","https://www.wikidata.org/wiki/Q36804"
"2009","Echosmith","https://www.wikidata.org/wiki/Q15044343"
"2011","Ed Sheeran","https://www.wikidata.org/wiki/Q47447"
"2037","eddie vedder",""
"2038","eden's crush",""
"2039","edens edge",""
"2040","Eduardo Gamboa Latourniere","https://www.wikidata.org/wiki/Q16559243"
"2041","Edward Maya","https://www.wikidata.org/wiki/Q317169"
"2042","eiffel 65",""
"2043","elephant man",""
"2045","Eli Young Band","https://www.wikidata.org/wiki/Q5360355"
"2050","Ella Henderson","https://www.wikidata.org/wiki/Q12309788"
"2051","Ella Mai","https://www.wikidata.org/wiki/Q29033458"
"2052","Elle King","https://www.wikidata.org/wiki/Q5364665"
"2053","Ellie Goulding","https://www.wikidata.org/wiki/Q31164"
"2061","Elliott Yamin","https://www.wikidata.org/wiki/Q1189625"
"2063","Elly Jackson","https://www.wikidata.org/wiki/Q988996"
"2064","elton john",""
"2065","Elvis Presley","https://www.wikidata.org/wiki/Q303"
"2068","emblem3",""
"2069","Emeli Sandé","https://www.wikidata.org/wiki/Q470429"
"2070","Emerson Drive","https://www.wikidata.org/wiki/Q1335543"
"2074","Emily Ann Roberts","https://www.wikidata.org/wiki/Q22073692"
"2075","Eminem","https://www.wikidata.org/wiki/Q5608"
"2121","empire cast",""
"2124","Empire of the Sun","https://www.wikidata.org/wiki/Q1141426"
"2125","en vogue",""
"2126","Enrique Iglesias","https://www.wikidata.org/wiki/Q47122"
"2145","enrique iglesias feat. wisin or tinashe",""
"2146","enrique iglesias wtih usher",""
"2147","Enya","https://www.wikidata.org/wiki/Q38257"
"2148","Eric Church","https://www.wikidata.org/wiki/Q975911"
"2170","Eric Heatherly","https://www.wikidata.org/wiki/Q5386699"
"2171","Eric Paslay","https://www.wikidata.org/wiki/Q5387248"
"2174","Erick Sermon","https://www.wikidata.org/wiki/Q1347285"
"2176","Erykah Badu","https://www.wikidata.org/wiki/Q223875"
"2181","estelle",""
"2183","Ester Dean","https://www.wikidata.org/wiki/Q271119"
"2184","evan",""
"2185","Evanescence","https://www.wikidata.org/wiki/Q1777698"
"2190","Eve","https://www.wikidata.org/wiki/Q239464"
"2197","eve 6",""
"2198","everclear",""
"2199","f.l.y. (fast life yungstaz)",""
"2201","Fabolous","https://www.wikidata.org/wiki/Q349420"
"2214","fabolous feat. chris brown",""
"2215","Faith Evans","https://www.wikidata.org/wiki/Q236318"
"2220","Faith Hill","https://www.wikidata.org/wiki/Q464241"
"2233","Fall Out Boy","https://www.wikidata.org/wiki/Q485811"
"2252","Famous Dex","https://www.wikidata.org/wiki/Q26251117"
"2255","Fantasia Barrino","https://www.wikidata.org/wiki/Q232288"
"2262","far*east movement",""
"2264","Farruko","https://www.wikidata.org/wiki/Q5436372"
"2266","Fat Joe","https://www.wikidata.org/wiki/Q309888"
"2279","Fatboy Slim","https://www.wikidata.org/wiki/Q272619"
"2280","Fefe Dobson","https://www.wikidata.org/wiki/Q292386"
"2281","feist",""
"2283","Fergie","https://www.wikidata.org/wiki/Q180004"
"2292","Ferras","https://www.wikidata.org/wiki/Q5445276"
"2293","Fetty Wap","https://www.wikidata.org/wiki/Q19361511"
"2302","field mob",""
"2304","Fifth Harmony","https://www.wikidata.org/wiki/Q3087893"
"2312","filter",""
"2314","finger eleven",""
"2316","fitz",""
"2318","five finger death punch",""
"2319","Five for Fighting","https://www.wikidata.org/wiki/Q337844"
"2323","fleetwood mac",""
"2324","Flex","https://www.wikidata.org/wiki/Q3660974"
"2325","Flo Rida","https://www.wikidata.org/wiki/Q213538"
"2348","flobots",""
"2349","floetry",""
"2350","florence",""
"2354","Florida Georgia Line","https://www.wikidata.org/wiki/Q3644642"
"2371","florida georgia line ft. jason derulo",""
"2372","Flume","https://www.wikidata.org/wiki/Q4038837"
"2374","flyleaf",""
"2375","Foo Fighters","https://www.wikidata.org/wiki/Q483718"
"2385","fort minor",""
"2388","Foster the People","https://www.wikidata.org/wiki/Q61113"
"2391","fountains of wayne",""
"2392","fragma",""
"2393","framing hanley",""
"2394","Francesca Battistelli","https://www.wikidata.org/wiki/Q521518"
"2395","Frank Ocean","https://www.wikidata.org/wiki/Q357645"
"2403","Frankee","https://www.wikidata.org/wiki/Q273020"
"2405","Frankie Ballard","https://www.wikidata.org/wiki/Q15059504"
"2408","Frankie J","https://www.wikidata.org/wiki/Q3298809"
"2414","Freeway","https://www.wikidata.org/wiki/Q536526"
"2416","French Montana","https://www.wikidata.org/wiki/Q1455261"
"2425","Frenship","https://www.wikidata.org/wiki/Q27429874"
"2426","fuel",""
"2429","Fun","https://www.wikidata.org/wiki/Q838984"
"2433","Future","https://www.wikidata.org/wiki/Q3445057"
"2499","g unit",""
"2500","G-Eazy","https://www.wikidata.org/wiki/Q5511893"
"2512","g-unit",""
"2514","Galantis","https://www.wikidata.org/wiki/Q18071093"
"2515","garbage",""
"2516","Garrett Hedlund","https://www.wikidata.org/wiki/Q298371"
"2517","Garth Brooks","https://www.wikidata.org/wiki/Q216288"
"2523","Gary Allan","https://www.wikidata.org/wiki/Q1494805"
"2536","Gavin DeGraw","https://www.wikidata.org/wiki/Q337722"
"2542","Gavin Rossdale","https://www.wikidata.org/wiki/Q432743"
"2543","general larry platt",""
"2544","George Ezra","https://www.wikidata.org/wiki/Q15459513"
"2545","george harrison",""
"2546","George Michael","https://www.wikidata.org/wiki/Q130311"
"2547","George Strait","https://www.wikidata.org/wiki/Q366584"
"2574","Gerald Levert","https://www.wikidata.org/wiki/Q1383872"
"2576","Ghost Town DJ's","https://www.wikidata.org/wiki/Q5557191"
"2577","Ghostface Killah","https://www.wikidata.org/wiki/Q323463"
"2579","Gigi D'Agostino","https://www.wikidata.org/wiki/Q311748"
"2580","Ginuwine","https://www.wikidata.org/wiki/Q705458"
"2589","Glee Cast","https://www.wikidata.org/wiki/Q13643134"
"2795","glen campbell",""
"2796","Glen Hansard","https://www.wikidata.org/wiki/Q220010"
"2797","glenn lewis",""
"2798","Gloria Estefan","https://www.wikidata.org/wiki/Q184697"
"2799","gloriana",""
"2802","gnarls barkley",""
"2804","Gnash","https://www.wikidata.org/wiki/Q23978226"
"2806","godsmack",""
"2809","GoldLink","https://www.wikidata.org/wiki/Q25095414"
"2810","Goo Goo Dolls","https://www.wikidata.org/wiki/Q730046"
"2820","Good Charlotte","https://www.wikidata.org/wiki/Q485220"
"2827","Gorilla Zoe","https://www.wikidata.org/wiki/Q560691"
"2831","Gorillaz","https://www.wikidata.org/wiki/Q189991"
"2834","gorillaz/de la soul",""
"2835","Gotye","https://www.wikidata.org/wiki/Q489643"
"2837","Grace","https://www.wikidata.org/wiki/Q19873871"
"2838","Grace Potter","https://www.wikidata.org/wiki/Q21042697"
"2839","Granger Smith","https://www.wikidata.org/wiki/Q16980979"
"2841","Green Day","https://www.wikidata.org/wiki/Q47871"
"2849","green shoe studio",""
"2850","Greg Bates","https://www.wikidata.org/wiki/Q5605268"
"2851","Gretchen Wilson","https://www.wikidata.org/wiki/Q443897"
"2856","grouplove",""
"2857","gs boyz",""
"2858","Gucci Mane","https://www.wikidata.org/wiki/Q206032"
"2872","Guerilla Black","https://www.wikidata.org/wiki/Q5614864"
"2873","guns n' roses",""
"2874","guy",""
"2875","Gwen Stefani","https://www.wikidata.org/wiki/Q483379"
"2888","Gwyneth Paltrow","https://www.wikidata.org/wiki/Q34460"
"2889","Gym Class Heroes","https://www.wikidata.org/wiki/Q818377"
"2896","Gyptian","https://www.wikidata.org/wiki/Q1558502"
"2897","H.E.R.","https://www.wikidata.org/wiki/Q30639849"
"2898","hadouken!",""
"2899","Hailee Steinfeld","https://www.wikidata.org/wiki/Q231726"
"2904","Halsey","https://www.wikidata.org/wiki/Q18534249"
"2911","hannah huston",""
"2912","Hannah Montana","https://www.wikidata.org/wiki/Q126631"
"2932","hanson",""
"2933","Harriet Anne Hooker Thiselton-Dyer","https://www.wikidata.org/wiki/Q15995730"
"2934","Harriet Campbell Sheppard","https://www.wikidata.org/wiki/Q33693258"
"2935","Harry Styles","https://www.wikidata.org/wiki/Q3626966"
"2937","Havana Brown","https://www.wikidata.org/wiki/Q610701"
"2938","heartland",""
"2939","Heather Headley","https://www.wikidata.org/wiki/Q458000"
"2942","Heidi Newfield","https://www.wikidata.org/wiki/Q5698949"
"2943","hellogoodbye",""
"2944","Hey Violet","https://www.wikidata.org/wiki/Q384424"
"2945","high school musical 2 cast",""
"2947","high school musical 3 cast",""
"2948","high school musical cast",""
"2950","High Valley","https://www.wikidata.org/wiki/Q13405568"
"2951","Hilary Duff","https://www.wikidata.org/wiki/Q122020"
"2958","hillsong united",""
"2959","him",""
"2960","hinder",""
"2963","hit masters",""
"2964","hitman sammy sam",""
"2965","Hoku","https://www.wikidata.org/wiki/Q433062"
"2966","hoobastank",""
"2969","Hoodie Allen","https://www.wikidata.org/wiki/Q39224"
"2970","hot chelle rae",""
"2972","hot stylz",""
"2973","houston",""
"2974","how i became the bomb",""
"2975","Howie Day","https://www.wikidata.org/wiki/Q1352927"
"2976","Hozier","https://www.wikidata.org/wiki/Q16233232"
"2977","Huey","https://www.wikidata.org/wiki/Q4354393"
"2979","Hugh Jackman","https://www.wikidata.org/wiki/Q129591"
"2980","Hugh Laurie","https://www.wikidata.org/wiki/Q49017"
"2981","Huncho Jack","https://www.wikidata.org/wiki/Q48699273"
"2993","Hunter Hayes","https://www.wikidata.org/wiki/Q1042498"
"2999","Hurricane Chris","https://www.wikidata.org/wiki/Q1201007"
"3003","hustle gang",""
"3004","i love makonnen",""
"3005","i prevail",""
"3006","ian van dahl",""
"3007","Ice Cube","https://www.wikidata.org/wiki/Q173637"
"3009","icona pop",""
"3010","ideal",""
"3012","Idina Menzel","https://www.wikidata.org/wiki/Q157400"
"3014","Iggy Azalea","https://www.wikidata.org/wiki/Q2748803"
"3020","iio",""
"3021","iLoveMemphis","https://www.wikidata.org/wiki/Q21260471"
"3025","Imagine Dragons","https://www.wikidata.org/wiki/Q391348"
"3043","imx",""
"3044","Incubus","https://www.wikidata.org/wiki/Q1661036"
"3049","India.Arie","https://www.wikidata.org/wiki/Q258750"
"3053","Ingrid Michaelson","https://www.wikidata.org/wiki/Q242873"
"3056","inxs",""
"3057","irv gotti presents the inc.",""
"3058","isyss",""
"3060","Iyaz","https://www.wikidata.org/wiki/Q317101"
"3064","J Balvin","https://www.wikidata.org/wiki/Q966845"
"3067","J-Kwon","https://www.wikidata.org/wiki/Q726147"
"3069","J-Shin","https://www.wikidata.org/wiki/Q6103782"
"3070","J. Cole","https://www.wikidata.org/wiki/Q204018"
"3102","J. Dash","https://www.wikidata.org/wiki/Q16237402"
"3103","J. Holiday","https://www.wikidata.org/wiki/Q583029"
"3105","Ja Rule","https://www.wikidata.org/wiki/Q309843"
"3116","jack",""
"3117","Jack Ingram","https://www.wikidata.org/wiki/Q1677067"
"3121","Jack Johnson","https://www.wikidata.org/wiki/Q297097"
"3128","jack white",""
"3129","Jacob Sartorius","https://www.wikidata.org/wiki/Q25711884"
"3131","Jacquees","https://www.wikidata.org/wiki/Q18921961"
"3132","Jacquie Lee","https://www.wikidata.org/wiki/Q16872943"
"3133","Jadakiss","https://www.wikidata.org/wiki/Q451958"
"3136","Jade Anderson","https://www.wikidata.org/wiki/Q6121260"
"3137","Jagged Edge","https://www.wikidata.org/wiki/Q1678447"
"3145","Jaheim","https://www.wikidata.org/wiki/Q924298"
"3153","Jake Owen","https://www.wikidata.org/wiki/Q453635"
"3167","Jake Paul","https://www.wikidata.org/wiki/Q25714026"
"3169","jake worthington",""
"3170","Jake Zyrus","https://www.wikidata.org/wiki/Q464357"
"3172","Jakob Alt","https://www.wikidata.org/wiki/Q685495"
"3173","James Arthur","https://www.wikidata.org/wiki/Q717626"
"3174","James Bay","https://www.wikidata.org/wiki/Q17811637"
"3175","James Blunt","https://www.wikidata.org/wiki/Q130799"
"3180","James Newton Howard","https://www.wikidata.org/wiki/Q213869"
"3181","James Otto","https://www.wikidata.org/wiki/Q1680920"
"3182","James Wolpert","https://www.wikidata.org/wiki/Q16730162"
"3183","Jamey Johnson","https://www.wikidata.org/wiki/Q6146314"
"3184","Jamie Foxx","https://www.wikidata.org/wiki/Q171905"
"3192","Jamie N Commons","https://www.wikidata.org/wiki/Q15530776"
"3193","Jamie O'Neal","https://www.wikidata.org/wiki/Q6147308"
"3197","Jana Kramer","https://www.wikidata.org/wiki/Q263670"
"3201","jane's addiction",""
"3202","Janelle Monáe","https://www.wikidata.org/wiki/Q234356"
"3204","Janet Jackson","https://www.wikidata.org/wiki/Q131324"
"3216","Jaron","https://www.wikidata.org/wiki/Q37945349"
"3217","Jasmin Even","https://www.wikidata.org/wiki/Q12408142"
"3219","Jason Aldean","https://www.wikidata.org/wiki/Q195439"
"3250","Jason Derulo","https://www.wikidata.org/wiki/Q243639"
"3269","Jason Michael Carroll","https://www.wikidata.org/wiki/Q1683952"
"3273","Jason Mraz","https://www.wikidata.org/wiki/Q192515"
"3280","javier",""
"3281","Javier Colon","https://www.wikidata.org/wiki/Q525253"
"3285","Jay Rock","https://www.wikidata.org/wiki/Q152632"
"3286","Jay-Z","https://www.wikidata.org/wiki/Q62766"
"3326","jay-z/linkin park",""
"3327","Jazmine Sullivan","https://www.wikidata.org/wiki/Q267070"
"3331","jc chasez",""
"3333","Jeannie Ortega","https://www.wikidata.org/wiki/Q919245"
"3334","Jeezy","https://www.wikidata.org/wiki/Q342447"
"3347","jeff bates",""
"3348","Jeff Gutt","https://www.wikidata.org/wiki/Q16208691"
"3349","jennifer hanson",""
"3350","Jennifer Hudson","https://www.wikidata.org/wiki/Q192410"
"3356","Jennifer Lopez","https://www.wikidata.org/wiki/Q40715"
"3382","Jeremih","https://www.wikidata.org/wiki/Q472891"
"3389","Jermaine Dupri","https://www.wikidata.org/wiki/Q349434"
"3392","Jermaine Paul","https://www.wikidata.org/wiki/Q6182356"
"3393","Jerrod Niemann","https://www.wikidata.org/wiki/Q1478249"
"3398","Jess Glynne","https://www.wikidata.org/wiki/Q15744507"
"3399","Jesse McCartney","https://www.wikidata.org/wiki/Q191842"
"3407","jessica andrews",""
"3408","Jessica Simpson","https://www.wikidata.org/wiki/Q168992"
"3417","Jessie J","https://www.wikidata.org/wiki/Q18814"
"3423","jessie james",""
"3424","jet",""
"3427","Jewel","https://www.wikidata.org/wiki/Q229018"
"3431","Jhené Aiko","https://www.wikidata.org/wiki/Q15929781"
"3432","Jibbs","https://www.wikidata.org/wiki/Q1377825"
"3434","Jidenna","https://www.wikidata.org/wiki/Q19880662"
"3435","jill scott",""
"3438","jim jones",""
"3440","Jimmy Buffett","https://www.wikidata.org/wiki/Q726071"
"3441","jimmy cozier",""
"3442","jimmy eat world",""
"3445","Jimmy Fallon","https://www.wikidata.org/wiki/Q335680"
"3446","Jimmy Wayne","https://www.wikidata.org/wiki/Q3179155"
"3449","Jo Dee Messina","https://www.wikidata.org/wiki/Q464225"
"3456","Joe Budden","https://www.wikidata.org/wiki/Q444832"
"3458","Joe Diffie","https://www.wikidata.org/wiki/Q1691384"
"3461","Joe Jonas","https://www.wikidata.org/wiki/Q191088"
"3463","Joe Nichols","https://www.wikidata.org/wiki/Q777990"
"3476","Joe Thomas","https://www.wikidata.org/wiki/Q16011035"
"3484","John Legend","https://www.wikidata.org/wiki/Q44857"
"3492","John Mayer","https://www.wikidata.org/wiki/Q215215"
"3511","John Mellencamp","https://www.wikidata.org/wiki/Q345431"
"3512","John Michael Montgomery","https://www.wikidata.org/wiki/Q1189986"
"3515","john newman",""
"3516","john rich",""
"3517","JoJo","https://www.wikidata.org/wiki/Q215219"
"3521","Jon B.","https://www.wikidata.org/wiki/Q15059549"
"3522","Jon Bellion","https://www.wikidata.org/wiki/Q18044284"
"3523","Jon Bon Jovi","https://www.wikidata.org/wiki/Q150916"
"3530","Jon Pardi","https://www.wikidata.org/wiki/Q6271354"
"3534","Jonas Blue","https://www.wikidata.org/wiki/Q22246459"
"3535","Jonas Brothers","https://www.wikidata.org/wiki/Q134233"
"3550","Jonell","https://www.wikidata.org/wiki/Q6275063"
"3551","Jonn Hart","https://www.wikidata.org/wiki/Q6275624"
"3553","Jordan Davis",""
"3554","Jordan Pruitt","https://www.wikidata.org/wiki/Q271075"
"3556","Jordan Smith","https://www.wikidata.org/wiki/Q21622921"
"3563","Jordin Sparks","https://www.wikidata.org/wiki/Q215300"
"3571","José Feliciano","https://www.wikidata.org/wiki/Q315784"
"3572","Josh Gracin","https://www.wikidata.org/wiki/Q1059447"
"3576","Josh Groban","https://www.wikidata.org/wiki/Q218083"
"3579","josh kaufman",""
"3581","Josh Kelley","https://www.wikidata.org/wiki/Q574885"
"3583","josh thompson",""
"3584","Josh Turner","https://www.wikidata.org/wiki/Q452682"
"3595","Joshua Radin","https://www.wikidata.org/wiki/Q955724"
"3596","Joss Stone","https://www.wikidata.org/wiki/Q217280"
"3597","Joyner Lucas","https://www.wikidata.org/wiki/Q32540222"
"3598","juanes",""
"3601","Juelz Santana","https://www.wikidata.org/wiki/Q445386"
"3603","Juice Wrld","https://www.wikidata.org/wiki/Q52151598"
"3605","Juicy J","https://www.wikidata.org/wiki/Q602779"
"3610","Julia Michaels","https://www.wikidata.org/wiki/Q20051697"
"3611","Julianne Hough","https://www.wikidata.org/wiki/Q232646"
"3612","julie roberts",""
"3613","Juliet Simms","https://www.wikidata.org/wiki/Q611020"
"3615","Justin Bieber","https://www.wikidata.org/wiki/Q34086"
"3671","Justin Moore","https://www.wikidata.org/wiki/Q1333234"
"3680","Justin Timberlake","https://www.wikidata.org/wiki/Q43432"
"3703","Juvenile","https://www.wikidata.org/wiki/Q724501"
"3710","K Camp","https://www.wikidata.org/wiki/Q16887702"
"3711","k-ci",""
"3712","K. Michelle","https://www.wikidata.org/wiki/Q6323621"
"3714","k.d. lang","https://www.wikidata.org/wiki/Q230454"
"3715","K'Jon","https://www.wikidata.org/wiki/Q6322415"
"3716","K’naan Warsame","https://www.wikidata.org/wiki/Q297693"
"3718","Kacey Musgraves","https://www.wikidata.org/wiki/Q2783855"
"3720","Kaleo","https://www.wikidata.org/wiki/Q16851422"
"3721","Kamaljit Singh Jhooti","https://www.wikidata.org/wiki/Q294907"
"3727","kandi",""
"3728","Kane Brown","https://www.wikidata.org/wiki/Q21620939"
"3735","Kanye West","https://www.wikidata.org/wiki/Q15935"
"3785","Kardinal Offishall","https://www.wikidata.org/wiki/Q371238"
"3786","karmin",""
"3789","Kaskade","https://www.wikidata.org/wiki/Q595529"
"3790","Kat DeLuna","https://www.wikidata.org/wiki/Q230514"
"3792","Kate Voegele","https://www.wikidata.org/wiki/Q233946"
"3794","Katharine McPhee","https://www.wikidata.org/wiki/Q229282"
"3797","Kathleen York","https://www.wikidata.org/wiki/Q272770"
"3798","Katy Perry","https://www.wikidata.org/wiki/Q42493"
"3823","Katy Tiz","https://www.wikidata.org/wiki/Q17306131"
"3824","kcamp",""
"3825","Keala Settle","https://www.wikidata.org/wiki/Q13560560"
"3826","keane",""
"3828","Kehlani Parrish","https://www.wikidata.org/wiki/Q20657541"
"3831","keith anderson",""
"3834","keith murray",""
"3835","Keith Urban","https://www.wikidata.org/wiki/Q315547"
"3874","Keke Wyatt","https://www.wikidata.org/wiki/Q3194815"
"3875","Kelis","https://www.wikidata.org/wiki/Q294979"
"3878","Kellie Coffey","https://www.wikidata.org/wiki/Q4408986"
"3879","Kellie Pickler","https://www.wikidata.org/wiki/Q234445"
"3884","Kelly Clarkson","https://www.wikidata.org/wiki/Q483507"
"3910","Kelly Osbourne","https://www.wikidata.org/wiki/Q231182"
"3911","Kelly Price","https://www.wikidata.org/wiki/Q2248393"
"3914","Kelly Rowland","https://www.wikidata.org/wiki/Q184249"
"3920","Kelsea Ballerini","https://www.wikidata.org/wiki/Q18637137"
"3927","kem",""
"3928","Kendrick Lamar","https://www.wikidata.org/wiki/Q130798"
"3960","Kenny Chesney","https://www.wikidata.org/wiki/Q467526"
"4010","Kenny G","https://www.wikidata.org/wiki/Q295777"
"4011","kenny rogers",""
"4013","Kent Jones","https://www.wikidata.org/wiki/Q25190082"
"4014","Keri Hilson","https://www.wikidata.org/wiki/Q152453"
"4018","Kesha","https://www.wikidata.org/wiki/Q33605"
"4037","Kevin Denney","https://www.wikidata.org/wiki/Q6396139"
"4038","Kevin Gates","https://www.wikidata.org/wiki/Q6396353"
"4044","Kevin Lyttle","https://www.wikidata.org/wiki/Q1362745"
"4045","Kevin Rudolf","https://www.wikidata.org/wiki/Q3924"
"4048","Kevon Edmonds","https://www.wikidata.org/wiki/Q6397835"
"4049","Keyshia Cole","https://www.wikidata.org/wiki/Q233229"
"4059","keyshia cole introducing amina",""
"4060","Khalid","https://www.wikidata.org/wiki/Q28816483"
"4074","Khia","https://www.wikidata.org/wiki/Q444910"
"4075","Kid Cudi","https://www.wikidata.org/wiki/Q299138"
"4084","Kid Ink","https://www.wikidata.org/wiki/Q556720"
"4092","Kid Rock","https://www.wikidata.org/wiki/Q158175"
"4097","Kids See Ghosts","https://www.wikidata.org/wiki/Q52019801"
"4103","Kiesza","https://www.wikidata.org/wiki/Q16730833"
"4104","Kiiara","https://www.wikidata.org/wiki/Q23042767"
"4105","Killer Mike","https://www.wikidata.org/wiki/Q671665"
"4106","Kimberley Locke","https://www.wikidata.org/wiki/Q3082543"
"4107","Kimberly Nichole","https://www.wikidata.org/wiki/Q20443525"
"4108","Kings of Leon","https://www.wikidata.org/wiki/Q192486"
"4113","Kip Moore","https://www.wikidata.org/wiki/Q2127156"
"4118","Kirk Franklin","https://www.wikidata.org/wiki/Q1349627"
"4120","Kirko Bangz","https://www.wikidata.org/wiki/Q1711339"
"4121","Knoc-turn'al","https://www.wikidata.org/wiki/Q6422739"
"4122","Kodak Black","https://www.wikidata.org/wiki/Q22005867"
"4133","koffee brown",""
"4134","kongos",""
"4135","Korn","https://www.wikidata.org/wiki/Q80304"
"4140","Koryn Hawthorne","https://www.wikidata.org/wiki/Q19958046"
"4141","Kreayshawn","https://www.wikidata.org/wiki/Q180772"
"4142","krewella",""
"4144","Kris Allen","https://www.wikidata.org/wiki/Q216927"
"4150","Kris Wu","https://www.wikidata.org/wiki/Q6437313"
"4151","Kristen Bell","https://www.wikidata.org/wiki/Q178882"
"4154","Kristinia DeBarge","https://www.wikidata.org/wiki/Q259055"
"4156","KT Tunstall","https://www.wikidata.org/wiki/Q230601"
"4158","kumbia kings",""
"4159","Kungs","https://www.wikidata.org/wiki/Q23826199"
"4160","Kygo","https://www.wikidata.org/wiki/Q16845512"
"4163","KYLE","https://www.wikidata.org/wiki/Q28606665"
"4164","Kylie Minogue","https://www.wikidata.org/wiki/Q11998"
"4168","Labrinth","https://www.wikidata.org/wiki/Q48959"
"4169","Lady Antebellum","https://www.wikidata.org/wiki/Q389870"
"4187","Lady Gaga","https://www.wikidata.org/wiki/Q19848"
"4214","Lady Sovereign","https://www.wikidata.org/wiki/Q230754"
"4215","Lana Del Rey","https://www.wikidata.org/wiki/Q37150"
"4225","LANco","https://www.wikidata.org/wiki/Q27817519"
"4228","Landon Pigg","https://www.wikidata.org/wiki/Q368613"
"4229","Lara Fabian","https://www.wikidata.org/wiki/Q192655"
"4230","las ketchup",""
"4231","lasgo",""
"4233","Laszlo Tamas","https://www.wikidata.org/wiki/Q45401658"
"4237","Lauren Alaina","https://www.wikidata.org/wiki/Q271796"
"4239","Lauren Duski","https://www.wikidata.org/wiki/Q47026736"
"4242","Lauv","https://www.wikidata.org/wiki/Q30122224"
"4243","Lea Michele","https://www.wikidata.org/wiki/Q228733"
"4244","LeAnn Rimes","https://www.wikidata.org/wiki/Q120533"
"4251","Lee Ann Womack","https://www.wikidata.org/wiki/Q454082"
"4256","Lee Brice","https://www.wikidata.org/wiki/Q1811729"
"4265","Lee DeWyze","https://www.wikidata.org/wiki/Q440272"
"4266","lee greenwood",""
"4267","Len Munnik","https://www.wikidata.org/wiki/Q4337833"
"4268","Lenny Kravitz","https://www.wikidata.org/wiki/Q180224"
"4275","Leona Lewis","https://www.wikidata.org/wiki/Q183519"
"4280","Leonard Cohen","https://www.wikidata.org/wiki/Q1276"
"4281","LeToya Luckett","https://www.wikidata.org/wiki/Q257302"
"4283","LFO","https://www.wikidata.org/wiki/Q1758534"
"4287","Liam Payne","https://www.wikidata.org/wiki/Q2756349"
"4290","Lifehouse","https://www.wikidata.org/wiki/Q845790"
"4299","Lil Baby","https://www.wikidata.org/wiki/Q50527563"
"4303","Lil Dicky","https://www.wikidata.org/wiki/Q16876006"
"4304","Lil Jon","https://www.wikidata.org/wiki/Q294449"
"4312","Lil Mama","https://www.wikidata.org/wiki/Q232085"
"4315","Lil Peep","https://www.wikidata.org/wiki/Q29388200"
"4316","Lil Pump","https://www.wikidata.org/wiki/Q38002101"
"4319","Lil Rob","https://www.wikidata.org/wiki/Q3240751"
"4321","lil scrappy",""
"4323","Lil Skies","https://www.wikidata.org/wiki/Q47544109"
"4324","Lil Uzi Vert","https://www.wikidata.org/wiki/Q23771950"
"4338","Lil Wayne","https://www.wikidata.org/wiki/Q15615"
"4388","Lil Xan","https://www.wikidata.org/wiki/Q42666318"
"4391","Lil Yachty","https://www.wikidata.org/wiki/Q23772141"
"4393","Lil Zane","https://www.wikidata.org/wiki/Q3832349"
"4394","Lil' Flip","https://www.wikidata.org/wiki/Q955684"
"4397","Lil' Kim","https://www.wikidata.org/wiki/Q229379"
"4402","Lil' Mo","https://www.wikidata.org/wiki/Q444254"
"4403","lillywood",""
"4404","lily allen",""
"4407","Limp Bizkit","https://www.wikidata.org/wiki/Q240767"
"4412","Lin-Manuel Miranda","https://www.wikidata.org/wiki/Q1646482"
"4413","Lindsay Lohan","https://www.wikidata.org/wiki/Q44903"
"4414","lindsey pavao",""
"4415","Lindsey Stirling","https://www.wikidata.org/wiki/Q128667"
"4416","Linkin Park","https://www.wikidata.org/wiki/Q261"
"4438","Lionel Richie","https://www.wikidata.org/wiki/Q26695"
"4441","Little Big Town","https://www.wikidata.org/wiki/Q607317"
"4450","Little Mix","https://www.wikidata.org/wiki/Q158419"
"4453","live",""
"4454","Liz Phair","https://www.wikidata.org/wiki/Q258761"
"4455","LL Cool J","https://www.wikidata.org/wiki/Q52440"
"4463","Lloyd","https://www.wikidata.org/wiki/Q931864"
"4469","Lloyd Banks","https://www.wikidata.org/wiki/Q298668"
"4473","LMFAO","https://www.wikidata.org/wiki/Q48978"
"4479","LoCash Cowboys","https://www.wikidata.org/wiki/Q6663066"
"4481","Logic","https://www.wikidata.org/wiki/Q6667429"
"4493","Lonestar","https://www.wikidata.org/wiki/Q1869293"
"4508","loon",""
"4509","Lord Huron","https://www.wikidata.org/wiki/Q6679405"
"4510","Lorde","https://www.wikidata.org/wiki/Q13476175"
"4518","Loren Allred","https://www.wikidata.org/wiki/Q56872205"
"4519","los lonely boys",""
"4520","lostprophets",""
"4521","Lou Bega","https://www.wikidata.org/wiki/Q60268"
"4523","Louis Tomlinson","https://www.wikidata.org/wiki/Q10745343"
"4524","love",""
"4526","LoveRance","https://www.wikidata.org/wiki/Q6690183"
"4527","Lucas Grabeel","https://www.wikidata.org/wiki/Q215488"
"4529","Lucy Hale","https://www.wikidata.org/wiki/Q229940"
"4530","lucy pearl",""
"4531","Ludacris","https://www.wikidata.org/wiki/Q193676"
"4555","ludacris co-starring chris brown",""
"4556","ludacris co-starring lil wayne",""
"4557","ludacris co-starring t-pain",""
"4558","Luis Fonsi","https://www.wikidata.org/wiki/Q1387726"
"4565","Lukas Forchhammer","https://www.wikidata.org/wiki/Q15125833"
"4567","Luke Bryan","https://www.wikidata.org/wiki/Q166197"
"4594","Luke Combs","https://www.wikidata.org/wiki/Q23884740"
"4600","Luke Nasty","https://www.wikidata.org/wiki/Q23038967"
"4603","Lumidee","https://www.wikidata.org/wiki/Q272244"
"4606","LunchMoney Lewis","https://www.wikidata.org/wiki/Q19669354"
"4607","Lupe Fiasco","https://www.wikidata.org/wiki/Q310116"
"4618","lustra",""
"4619","Luther Vandross","https://www.wikidata.org/wiki/Q311306"
"4622","Lyfe Jennings","https://www.wikidata.org/wiki/Q840144"
"4624","M.I.A.","https://www.wikidata.org/wiki/Q204019"
"4626","m2m",""
"4628","m83.",""
"4629","Mac Miller","https://www.wikidata.org/wiki/Q324726"
"4636","Machine Gun Kelly","https://www.wikidata.org/wiki/Q1354843"
"4642","Macklemore","https://www.wikidata.org/wiki/Q484874"
"4650","Macy Gray","https://www.wikidata.org/wiki/Q232456"
"4651","madcon",""
"4652","Maddie","https://www.wikidata.org/wiki/Q54607228"
"4654","MadeinTYO","https://www.wikidata.org/wiki/Q24151039"
"4655","Madi Davis","https://www.wikidata.org/wiki/Q22003876"
"4656","madison avenue",""
"4657","Madonna","https://www.wikidata.org/wiki/Q1744"
"4670","Maejor Ali","https://www.wikidata.org/wiki/Q3445712"
"4671","Magic!","https://www.wikidata.org/wiki/Q16596856"
"4672","maino",""
"4673","Major Lazer","https://www.wikidata.org/wiki/Q2604214"
"4683","Maluma","https://www.wikidata.org/wiki/Q17517186"
"4684","mana",""
"4686","mandy moore",""
"4688","mann",""
"4690","Mannie Fresh","https://www.wikidata.org/wiki/Q976090"
"4691","Marc Anthony","https://www.wikidata.org/wiki/Q3287757"
"4696","Marc E. Bassy","https://www.wikidata.org/wiki/Q26435713"
"4697","marcos hernandez",""
"4698","Maren Morris","https://www.wikidata.org/wiki/Q21622122"
"4704","maria mena",""
"4705","Mariah Carey","https://www.wikidata.org/wiki/Q41076"
"4732","Marian Hill","https://www.wikidata.org/wiki/Q20858093"
"4733","Mario","https://www.wikidata.org/wiki/Q177131"
"4741","Mario Vazquez","https://www.wikidata.org/wiki/Q2600683"
"4742","Mario Winans","https://www.wikidata.org/wiki/Q1353962"
"4744","Mark Chesnutt","https://www.wikidata.org/wiki/Q1899982"
"4745","Mark McGuinn","https://www.wikidata.org/wiki/Q6768814"
"4746","Mark Ronson","https://www.wikidata.org/wiki/Q425821"
"4747","mark wills",""
"4749","Maroon 5","https://www.wikidata.org/wiki/Q182223"
"4780","Marques Houston","https://www.wikidata.org/wiki/Q187107"
"4787","Marsha Ambrosius","https://www.wikidata.org/wiki/Q974238"
"4789","Marshmello","https://www.wikidata.org/wiki/Q26334949"
"4793","Martin Garrix","https://www.wikidata.org/wiki/Q14544318"
"4797","Martin Solveig","https://www.wikidata.org/wiki/Q359066"
"4798","Martina McBride","https://www.wikidata.org/wiki/Q256732"
"4816","marvin sapp",""
"4817","Mary J. Blige","https://www.wikidata.org/wiki/Q228909"
"4837","mary lambert",""
"4838","mary mary",""
"4841","mase",""
"4843","Mase","https://www.wikidata.org/wiki/Q126927"
"4844","Mason Ramsey","https://www.wikidata.org/wiki/Q53567480"
"4845","Master P","https://www.wikidata.org/wiki/Q722042"
"4847","Mat Kearney","https://www.wikidata.org/wiki/Q1381710"
"4850","Matchbox Twenty","https://www.wikidata.org/wiki/Q482444"
"4858","Matisyahu","https://www.wikidata.org/wiki/Q310582"
"4860","matt",""
"4861","Matt McAndrew","https://www.wikidata.org/wiki/Q19348326"
"4866","Matt Nathanson","https://www.wikidata.org/wiki/Q938977"
"4869","Matthew Schuler","https://www.wikidata.org/wiki/Q18637961"
"4870","Max Schneider","https://www.wikidata.org/wiki/Q1190160"
"4872","Maxwell","https://www.wikidata.org/wiki/Q1378643"
"4877","Meek Mill","https://www.wikidata.org/wiki/Q1897911"
"4901","Meghan Linsey","https://www.wikidata.org/wiki/Q21872577"
"4902","Meghan Trainor","https://www.wikidata.org/wiki/Q17403494"
"4910","Melanie Fiona","https://www.wikidata.org/wiki/Q238833"
"4912","melanie martinez",""
"4914","Melissa Etheridge","https://www.wikidata.org/wiki/Q270669"
"4915","Melissa Lawson","https://www.wikidata.org/wiki/Q6812764"
"4916","Memphis Bleek","https://www.wikidata.org/wiki/Q129747"
"4917","mercyme",""
"4918","Meryl Streep","https://www.wikidata.org/wiki/Q873"
"4919","Metallica","https://www.wikidata.org/wiki/Q15920"
"4924","Method Man","https://www.wikidata.org/wiki/Q298694"
"4925","Metro Boomin","https://www.wikidata.org/wiki/Q16235273"
"4926","metro station",""
"4928","mgmt",""
"4929","Michael Bublé","https://www.wikidata.org/wiki/Q153694"
"4938","Michael Cera","https://www.wikidata.org/wiki/Q309555"
"4939","Michael Franti","https://www.wikidata.org/wiki/Q715181"
"4941","Michael Jackson","https://www.wikidata.org/wiki/Q2831"
"4950","Michael Ray","https://www.wikidata.org/wiki/Q19664722"
"4952","Micheal Ray Richardson","https://www.wikidata.org/wiki/Q969401"
"4955","Michel Teló","https://www.wikidata.org/wiki/Q488387"
"4956","Michelle Branch","https://www.wikidata.org/wiki/Q234685"
"4962","Michelle Chamuel","https://www.wikidata.org/wiki/Q13561945"
"4964","Midland","https://www.wikidata.org/wiki/Q42887456"
"4965","Migos","https://www.wikidata.org/wiki/Q15777045"
"4988","Miguel","https://www.wikidata.org/wiki/Q73463"
"4996","Mika","https://www.wikidata.org/wiki/Q186329"
"5000","Mikaila","https://www.wikidata.org/wiki/Q11780606"
"5001","Mike Jones","https://www.wikidata.org/wiki/Q954623"
"5007","Mike Posner","https://www.wikidata.org/wiki/Q268284"
"5012","Mike WiLL Made-It","https://www.wikidata.org/wiki/Q6849262"
"5015","Miley Cyrus","https://www.wikidata.org/wiki/Q4235"
"5035","milky chance",""
"5036","Mims","https://www.wikidata.org/wiki/Q169904"
"5039","mindless behavior",""
"5040","mint condition",""
"5041","Miranda Cosgrove","https://www.wikidata.org/wiki/Q5104"
"5045","Miranda Lambert","https://www.wikidata.org/wiki/Q231233"
"5063","mis-teeq",""
"5064","Missy Elliott","https://www.wikidata.org/wiki/Q155079"
"5080","Mitchel Musso","https://www.wikidata.org/wiki/Q274157"
"5081","mkto",""
"5082","mobb deep",""
"5085","Moby","https://www.wikidata.org/wiki/Q14045"
"5086","modest mouse",""
"5088","modjo",""
"5089","monchy",""
"5090","Monica","https://www.wikidata.org/wiki/Q231487"
"5098","Montell Jordan","https://www.wikidata.org/wiki/Q1394645"
"5099","Montgomery Gentry","https://www.wikidata.org/wiki/Q1190454"
"5115","Mos Def","https://www.wikidata.org/wiki/Q38875"
"5116","Mr Probz","https://www.wikidata.org/wiki/Q2750788"
"5117","mr. c the slide man",""
"5118","Mr. Cheeks","https://www.wikidata.org/wiki/Q4353885"
"5119","Mr. Vegas","https://www.wikidata.org/wiki/Q323273"
"5120","Ms. Jade","https://www.wikidata.org/wiki/Q2916915"
"5121","mudvayne",""
"5122","Mumford & Sons","https://www.wikidata.org/wiki/Q953918"
"5132","murphy lee",""
"5133","Musiq Soulchild","https://www.wikidata.org/wiki/Q1955333"
"5145","Muxie","https://www.wikidata.org/wiki/Q45592542"
"5148","My Chemical Romance","https://www.wikidata.org/wiki/Q483285"
"5156","my darkest days",""
"5157","Mýa","https://www.wikidata.org/wiki/Q233736"
"5162","mynt",""
"5163","Mystikal","https://www.wikidata.org/wiki/Q962811"
"5166","N.E.R.D","https://www.wikidata.org/wiki/Q941293"
"5168","N.O.R.E.","https://www.wikidata.org/wiki/Q53549"
"5172","N.W.A & Wadeo","https://www.wikidata.org/wiki/Q216856"
"5173","nappy roots",""
"5176","Nas","https://www.wikidata.org/wiki/Q194220"
"5184","Nat King Cole","https://www.wikidata.org/wiki/Q137042"
"5187","Natalie","https://www.wikidata.org/wiki/Q6968113"
"5190","Natalie Imbruglia","https://www.wikidata.org/wiki/Q488353"
"5191","Natalie La Rose","https://www.wikidata.org/wiki/Q19019113"
"5192","Natasha Bedingfield","https://www.wikidata.org/wiki/Q212906"
"5200","Nate Ruess","https://www.wikidata.org/wiki/Q2760347"
"5201","Natti Natasha","https://www.wikidata.org/wiki/Q6980368"
"5202","Natti Natasha x Ozuna",""
"5203","Naughty Boy","https://www.wikidata.org/wiki/Q6981132"
"5205","naughty by nature",""
"5206","Nav","https://www.wikidata.org/wiki/Q28831246"
"5208","nb ridaz",""
"5211","Ne-Yo","https://www.wikidata.org/wiki/Q193710"
"5226","Neal McCoy","https://www.wikidata.org/wiki/Q1973050"
"5227","Needtobreathe","https://www.wikidata.org/wiki/Q1817575"
"5228","Nelly","https://www.wikidata.org/wiki/Q218992"
"5258","Nelly Furtado","https://www.wikidata.org/wiki/Q80424"
"5265","neon trees",""
"5268","nero",""
"5269","New Boyz","https://www.wikidata.org/wiki/Q1631159"
"5274","new boyz feat. chris brown",""
"5275","new boyz feat. ray j",""
"5276","new edition",""
"5277","new found glory",""
"5278","new hollow",""
"5280","new kids on the block",""
"5281","newsong",""
"5282","NF","https://www.wikidata.org/wiki/Q19571648"
"5286","Niall Horan","https://www.wikidata.org/wiki/Q775231"
"5291","nicholas david",""
"5292","Nick Cannon","https://www.wikidata.org/wiki/Q348533"
"5294","Nick Fradiani","https://www.wikidata.org/wiki/Q19957803"
"5295","Nick Jonas","https://www.wikidata.org/wiki/Q201656"
"5302","Nick Lachey","https://www.wikidata.org/wiki/Q356109"
"5304","Nickelback","https://www.wikidata.org/wiki/Q483802"
"5323","Nicki Minaj","https://www.wikidata.org/wiki/Q162202"
"5473","nicki minaj featruing skylar grey",""
"5474","Nicky Jam","https://www.wikidata.org/wiki/Q1374560"
"5479","Nicky Jam x J Balvin",""
"5480","nico",""
"5482","Nicole Scherzinger","https://www.wikidata.org/wiki/Q167696"
"5484","nina sky",""
"5485","nine days",""
"5487","Nine Inch Nails","https://www.wikidata.org/wiki/Q11647"
"5491","nirvana",""
"5492","Nitty","https://www.wikidata.org/wiki/Q7041575"
"5493","Nivea","https://www.wikidata.org/wiki/Q273887"
"5497","No Doubt","https://www.wikidata.org/wiki/Q43259"
"5504","Noah Cyrus","https://www.wikidata.org/wiki/Q54868"
"5505","Norah Jones","https://www.wikidata.org/wiki/Q549981"
"5507","NSYNC","https://www.wikidata.org/wiki/Q154454"
"5515","nu flavor",""
"5516","o-town",""
"5519","o.a.r.",""
"5520","O.T. Genasis","https://www.wikidata.org/wiki/Q18623749"
"5522","Oasis","https://www.wikidata.org/wiki/Q55074281"
"5523","Obie Trice","https://www.wikidata.org/wiki/Q313146"
"5524","of monsters",""
"5525","Offset","https://www.wikidata.org/wiki/Q30612480"
"5541","OG Maco","https://www.wikidata.org/wiki/Q19344289"
"5543","ok go",""
"5545","Ol' Dirty Bastard","https://www.wikidata.org/wiki/Q336924"
"5546","Old Dominion","https://www.wikidata.org/wiki/Q20685018"
"5553","olivia",""
"5554","Olivia O'Brien","https://www.wikidata.org/wiki/Q23978275"
"5555","Olly Murs","https://www.wikidata.org/wiki/Q552770"
"5557","Omarion","https://www.wikidata.org/wiki/Q361683"
"5564","Omi","https://www.wikidata.org/wiki/Q18510281"
"5565","One Direction","https://www.wikidata.org/wiki/Q146027"
"5594","OneRepublic","https://www.wikidata.org/wiki/Q1438730"
"5606","Opetaia Foa'i","https://www.wikidata.org/wiki/Q24456210"
"5607","Orianthi","https://www.wikidata.org/wiki/Q231015"
"5608","our lady peace",""
"5609","Outasight","https://www.wikidata.org/wiki/Q3244590"
"5610","Outkast","https://www.wikidata.org/wiki/Q472595"
"5619","owl city",""
"5622","Ozuna","https://www.wikidata.org/wiki/Q28739901"
"5623","Ozzy Osbourne","https://www.wikidata.org/wiki/Q133151"
"5624","P!nk","https://www.wikidata.org/wiki/Q160009"
"5638","p.o.d.",""
"5641","p$c",""
"5642","Panic! at the Disco","https://www.wikidata.org/wiki/Q277551"
"5655","Panjabi MC","https://www.wikidata.org/wiki/Q1346896"
"5656","Papa Roach","https://www.wikidata.org/wiki/Q254371"
"5662","parachute",""
"5663","Paramore","https://www.wikidata.org/wiki/Q473466"
"5675","Paris Hilton","https://www.wikidata.org/wiki/Q47899"
"5676","Parmalee","https://www.wikidata.org/wiki/Q7139162"
"5679","PartyNextDoor","https://www.wikidata.org/wiki/Q15929398"
"5681","Passenger","https://www.wikidata.org/wiki/Q653086"
"5682","Passion Pit","https://www.wikidata.org/wiki/Q1784022"
"5683","Pastor Troy","https://www.wikidata.org/wiki/Q2056297"
"5684","Pat Green","https://www.wikidata.org/wiki/Q7143495"
"5687","Patti LaBelle","https://www.wikidata.org/wiki/Q31013"
"5689","Patty Loveless","https://www.wikidata.org/wiki/Q455939"
"5691","Paul McCartney","https://www.wikidata.org/wiki/Q2599"
"5694","Paul Oakenfold","https://www.wikidata.org/wiki/Q321339"
"5695","Paul Wall","https://www.wikidata.org/wiki/Q709640"
"5699","Paula Abdul","https://www.wikidata.org/wiki/Q185465"
"5701","Paula DeAnda","https://www.wikidata.org/wiki/Q3235190"
"5704","Paulina Rubio","https://www.wikidata.org/wiki/Q202536"
"5707","Pearl Jam","https://www.wikidata.org/wiki/Q47114873"
"5713","Pentatonix","https://www.wikidata.org/wiki/Q3374926"
"5717","Petey Pablo","https://www.wikidata.org/wiki/Q775938"
"5721","Pharrell Williams","https://www.wikidata.org/wiki/Q14313"
"5727","Pharrell Williams x Camila Cabello",""
"5728","Phil Collins","https://www.wikidata.org/wiki/Q144622"
"5729","Phil Vassar","https://www.wikidata.org/wiki/Q185891"
"5739","Phillip Phillips","https://www.wikidata.org/wiki/Q219519"
"5742","Philly's Most Wanted","https://www.wikidata.org/wiki/Q7185982"
"5743","Phoenix","https://www.wikidata.org/wiki/Q19202"
"5744","Pia Mia","https://www.wikidata.org/wiki/Q11887896"
"5745","Pilar Montenegro","https://www.wikidata.org/wiki/Q2658450"
"5746","Pink","https://www.wikidata.org/wiki/Q160009"
"5763","Pistol Annies","https://www.wikidata.org/wiki/Q3905806"
"5764","Pitbull","https://www.wikidata.org/wiki/Q187844"
"5793","Plain White T's","https://www.wikidata.org/wiki/Q169316"
"5798","Play-N-Skillz","https://www.wikidata.org/wiki/Q7202929"
"5799","Playaz Circle","https://www.wikidata.org/wiki/Q544403"
"5800","Playboi Carti","https://www.wikidata.org/wiki/Q27671080"
"5802","Pleasure P","https://www.wikidata.org/wiki/Q1324871"
"5805","Plies","https://www.wikidata.org/wiki/Q361649"
"5814","PnB Rock","https://www.wikidata.org/wiki/Q28155029"
"5815","Portugal. The Man","https://www.wikidata.org/wiki/Q606879"
"5818","Post Malone","https://www.wikidata.org/wiki/Q21621919"
"5842","Pretty Ricky","https://www.wikidata.org/wiki/Q386406"
"5846","Prince","https://www.wikidata.org/wiki/Q7542"
"5857","Prince Royce","https://www.wikidata.org/wiki/Q2636976"
"5860","Profyle","https://www.wikidata.org/wiki/Q7248336"
"5861","Project Pat","https://www.wikidata.org/wiki/Q593741"
"5862","Psy","https://www.wikidata.org/wiki/Q20150"
"5867","Public Announcement","https://www.wikidata.org/wiki/Q568759"
"5869","Puddle of Mudd","https://www.wikidata.org/wiki/Q907540"
"5875","Purple Ribbon All-Stars","https://www.wikidata.org/wiki/Q430638"
"5876","Pusha T","https://www.wikidata.org/wiki/Q2329709"
"5880","Q-Tip","https://www.wikidata.org/wiki/Q42025"
"5881","Quavo","https://www.wikidata.org/wiki/Q30072039"
"5883","Queen","https://www.wikidata.org/wiki/Q15862"
"5884","Queen Naija","https://www.wikidata.org/wiki/Q56248145"
"5885","Queens of the Stone Age","https://www.wikidata.org/wiki/Q1243718"
"5887","R. Kelly","https://www.wikidata.org/wiki/Q273055"
"5908","R.E.M.","https://www.wikidata.org/wiki/Q134969"
"5911","r.l.",""
"5912","Rachel Platten","https://www.wikidata.org/wiki/Q7279360"
"5914","Radiohead","https://www.wikidata.org/wiki/Q44190"
"5915","Rae Sremmurd","https://www.wikidata.org/wiki/Q18123226"
"5926","RaeLynn","https://www.wikidata.org/wiki/Q7281901"
"5927","Rag'n'Bone Man","https://www.wikidata.org/wiki/Q26834366"
"5928","Rage Against the Machine","https://www.wikidata.org/wiki/Q72092"
"5929","Raheem DeVaughn","https://www.wikidata.org/wiki/Q1453398"
"5931","Rakim","https://www.wikidata.org/wiki/Q364214"
"5932","Randy Houser","https://www.wikidata.org/wiki/Q1761995"
"5939","Randy Travis","https://www.wikidata.org/wiki/Q467519"
"5940","Raphael Saadiq","https://www.wikidata.org/wiki/Q1337779"
"5941","Rascal Flatts","https://www.wikidata.org/wiki/Q753598"
"5977","Ray J","https://www.wikidata.org/wiki/Q542267"
"5981","Ray LaMontagne","https://www.wikidata.org/wiki/Q720009"
"5982","rbd",""
"5984","Reba McEntire","https://www.wikidata.org/wiki/Q229430"
"5995","Rebecca Black","https://www.wikidata.org/wiki/Q18804"
"5997","rebecca lynn howard",""
"5998","Red Hot Chili Peppers","https://www.wikidata.org/wiki/Q10708"
"6009","Redman","https://www.wikidata.org/wiki/Q313138"
"6010","Reeve Carney","https://www.wikidata.org/wiki/Q3423039"
"6011","Regina Spektor","https://www.wikidata.org/wiki/Q229274"
"6012","Rehab","https://www.wikidata.org/wiki/Q2138855"
"6014","reina",""
"6015","Relient K","https://www.wikidata.org/wiki/Q1145957"
"6017","Remy Ma","https://www.wikidata.org/wiki/Q275437"
"6019","Remy Shand","https://www.wikidata.org/wiki/Q1070770"
"6020","ric-a-che",""
"6021","RiceGum","https://www.wikidata.org/wiki/Q47500036"
"6022","Rich B","https://www.wikidata.org/wiki/Q7323171"
"6023","Rich Boy","https://www.wikidata.org/wiki/Q2148827"
"6024","Rich Gang","https://www.wikidata.org/wiki/Q16830125"
"6026","Rich Homie Quan","https://www.wikidata.org/wiki/Q15488745"
"6029","Rich the Kid","https://www.wikidata.org/wiki/Q18637908"
"6030","Rick Ross","https://www.wikidata.org/wiki/Q297831"
"6047","Ricky Martin","https://www.wikidata.org/wiki/Q128799"
"6056","Rico Love","https://www.wikidata.org/wiki/Q3431664"
"6057","Rihanna","https://www.wikidata.org/wiki/Q36844"
"6101","Rise Against","https://www.wikidata.org/wiki/Q246352"
"6102","Rita Ora","https://www.wikidata.org/wiki/Q229760"
"6104","Rixton","https://www.wikidata.org/wiki/Q16672928"
"6105","Rob Stone","https://www.wikidata.org/wiki/Q27443345"
"6106","Rob Thomas","https://www.wikidata.org/wiki/Q754094"
"6114","Robbie Williams","https://www.wikidata.org/wiki/Q47875"
"6115","Robin Schulz","https://www.wikidata.org/wiki/Q16231940"
"6116","Robin Thicke","https://www.wikidata.org/wiki/Q467423"
"6124","Roc Project","https://www.wikidata.org/wiki/Q7353663"
"6125","Rock City","https://www.wikidata.org/wiki/Q7201184"
"6126","Rocko","https://www.wikidata.org/wiki/Q3437993"
"6128","Rodney Atkins","https://www.wikidata.org/wiki/Q165864"
"6136","Romeo Miller","https://www.wikidata.org/wiki/Q452307"
"6137","Romeo Santos","https://www.wikidata.org/wiki/Q2570042"
"6144","Ronnie Dunn","https://www.wikidata.org/wiki/Q7365855"
"6146","Roscoe Dash","https://www.wikidata.org/wiki/Q542930"
"6148","Ross Lynch","https://www.wikidata.org/wiki/Q455827"
"6149","Ruben Studdard","https://www.wikidata.org/wiki/Q382266"
"6152","Rudimental","https://www.wikidata.org/wiki/Q50971"
"6153","Ruff Endz","https://www.wikidata.org/wiki/Q13416666"
"6155","Rune RK","https://www.wikidata.org/wiki/Q3816143"
"6157","Rupee","https://www.wikidata.org/wiki/Q2000237"
"6158","russ",""
"6160","Russell Dickerson","https://www.wikidata.org/wiki/Q24572267"
"6163","Ruth B","https://www.wikidata.org/wiki/Q22056665"
"6164","Ryan Cabrera","https://www.wikidata.org/wiki/Q1139628"
"6167","ryan duarte",""
"6168","Ryan Leslie","https://www.wikidata.org/wiki/Q1361271"
"6169","S Club 7","https://www.wikidata.org/wiki/Q500759"
"6170","Sade","https://www.wikidata.org/wiki/Q658182"
"6172","Sage the Gemini","https://www.wikidata.org/wiki/Q15080570"
"6177","Saliva","https://www.wikidata.org/wiki/Q1753914"
"6179","Sam Hunt","https://www.wikidata.org/wiki/Q16223171"
"6187","Sam Palladio","https://www.wikidata.org/wiki/Q2654275"
"6188","Sam Smith","https://www.wikidata.org/wiki/Q15123969"
"6199","Samantha Barks","https://www.wikidata.org/wiki/Q440273"
"6200","Samantha Mumba","https://www.wikidata.org/wiki/Q254838"
"6202","Sammie","https://www.wikidata.org/wiki/Q950517"
"6203","Sammy Adams","https://www.wikidata.org/wiki/Q7409698"
"6204","Santana","https://www.wikidata.org/wiki/Q873384"
"6210","Sara Bareilles","https://www.wikidata.org/wiki/Q230445"
"6214","Sara Evans","https://www.wikidata.org/wiki/Q463989"
"6224","Sara Ramirez","https://www.wikidata.org/wiki/Q40069"
"6225","Sarah Connor","https://www.wikidata.org/wiki/Q63664"
"6226","Sarah McLachlan","https://www.wikidata.org/wiki/Q224650"
"6228","Sarina Paris","https://www.wikidata.org/wiki/Q946462"
"6229","Savage","https://www.wikidata.org/wiki/Q4354163"
"6230","Savage Garden","https://www.wikidata.org/wiki/Q493710"
"6232","Saving Abel","https://www.wikidata.org/wiki/Q2095970"
"6233","Saving Jane","https://www.wikidata.org/wiki/Q2798446"
"6234","Sawyer Fredericks","https://www.wikidata.org/wiki/Q19968625"
"6241","Scarface","https://www.wikidata.org/wiki/Q708158"
"6243","Schoolboy Q","https://www.wikidata.org/wiki/Q168633"
"6248","Scotty Emerick","https://www.wikidata.org/wiki/Q7438224"
"6249","Scotty McCreery","https://www.wikidata.org/wiki/Q255969"
"6256","Seal","https://www.wikidata.org/wiki/Q218091"
"6258","Sean Combs","https://www.wikidata.org/wiki/Q216936"
"6268","Sean Kingston","https://www.wikidata.org/wiki/Q216934"
"6278","Sean Paul","https://www.wikidata.org/wiki/Q200577"
"6292","Secondhand Serenade","https://www.wikidata.org/wiki/Q515223"
"6294","Seether","https://www.wikidata.org/wiki/Q461448"
"6301","Selena Gomez","https://www.wikidata.org/wiki/Q83287"
"6323","September","https://www.wikidata.org/wiki/Q230066"
"6324","Sergio Andrade Trevi","https://www.wikidata.org/wiki/Q6125313"
"6325","Serj Tankian","https://www.wikidata.org/wiki/Q486063"
"6326","Sevyn Streeter","https://www.wikidata.org/wiki/Q7458122"
"6327","Shaggy","https://www.wikidata.org/wiki/Q310763"
"6330","Shakira","https://www.wikidata.org/wiki/Q34424"
"6350","Shania Twain","https://www.wikidata.org/wiki/Q131433"
"6357","Shareefa","https://www.wikidata.org/wiki/Q2485035"
"6358","Sharissa","https://www.wikidata.org/wiki/Q7489748"
"6359","Shawn Mendes","https://www.wikidata.org/wiki/Q17198340"
"6370","Shawnna","https://www.wikidata.org/wiki/Q452870"
"6371","Shawty Lo","https://www.wikidata.org/wiki/Q437391"
"6372","SHeDAISY","https://www.wikidata.org/wiki/Q2465263"
"6379","Sherri A. Angels","https://www.wikidata.org/wiki/Q36672396"
"6381","Sheryl Crow","https://www.wikidata.org/wiki/Q200586"
"6389","Shinedown","https://www.wikidata.org/wiki/Q1063812"
"6396","Shiny Toy Guns","https://www.wikidata.org/wiki/Q931174"
"6397","Shontelle","https://www.wikidata.org/wiki/Q233544"
"6399","Shop Boyz","https://www.wikidata.org/wiki/Q2279842"
"6400","Shwayze","https://www.wikidata.org/wiki/Q371544"
"6402","Shyne","https://www.wikidata.org/wiki/Q1346832"
"6403","Sia","https://www.wikidata.org/wiki/Q181484"
"6409","Sick Puppies","https://www.wikidata.org/wiki/Q1164628"
"6410","Silentó","https://www.wikidata.org/wiki/Q20354248"
"6411","Silversun Pickups","https://www.wikidata.org/wiki/Q312275"
"6412","Simple Plan","https://www.wikidata.org/wiki/Q485825"
"6418","Sisqó","https://www.wikidata.org/wiki/Q730108"
"6421","Sister Hazel","https://www.wikidata.org/wiki/Q1968924"
"6422","Sixpence None the Richer","https://www.wikidata.org/wiki/Q1056973"
"6424","Skillet","https://www.wikidata.org/wiki/Q374747"
"6425","Skrillex","https://www.wikidata.org/wiki/Q19004"
"6432","Slaughterhouse","https://www.wikidata.org/wiki/Q574919"
"6433","Sleepy Brown","https://www.wikidata.org/wiki/Q963960"
"6434","Slim","https://www.wikidata.org/wiki/Q15453117"
"6435","Slum Village","https://www.wikidata.org/wiki/Q1950423"
"6437","Smash Mouth","https://www.wikidata.org/wiki/Q740434"
"6439","Smilets of Bulgaria","https://www.wikidata.org/wiki/Q430736"
"6440","Smokie Norful","https://www.wikidata.org/wiki/Q7545995"
"6441","Snoop Dogg","https://www.wikidata.org/wiki/Q6096"
"6455","Snootie Wild","https://www.wikidata.org/wiki/Q16885769"
"6456","Snow Patrol","https://www.wikidata.org/wiki/Q188407"
"6460","SOB X RBE","https://www.wikidata.org/wiki/Q55632230"
"6461","Sofia Carson","https://www.wikidata.org/wiki/Q18222476"
"6462","Soko","https://www.wikidata.org/wiki/Q257551"
"6463","Solange","https://www.wikidata.org/wiki/Q231228"
"6465","Solé","https://www.wikidata.org/wiki/Q7559068"
"6466","Soluna","https://www.wikidata.org/wiki/Q17564577"
"6467","SoMo","https://www.wikidata.org/wiki/Q16231962"
"6468","Son by Four","https://www.wikidata.org/wiki/Q2737293"
"6469","Sonique","https://www.wikidata.org/wiki/Q60194"
"6470","Sophia Grace","https://www.wikidata.org/wiki/Q54609812"
"6471","soulDecision","https://www.wikidata.org/wiki/Q7564153"
"6472","Soulja Boy","https://www.wikidata.org/wiki/Q313080"
"6480","Soundgarden","https://www.wikidata.org/wiki/Q174817"
"6481","Spectacular","https://www.wikidata.org/wiki/Q3492858"
"6482","Spice Girls","https://www.wikidata.org/wiki/Q55641"
"6483","Splender","https://www.wikidata.org/wiki/Q7578444"
"6484","Spose","https://www.wikidata.org/wiki/Q7580020"
"6485","Squeak E. Clean","https://www.wikidata.org/wiki/Q20049184"
"6486","St. Lunatics","https://www.wikidata.org/wiki/Q2561704"
"6487","Stacie Orrico","https://www.wikidata.org/wiki/Q236351"
"6489","Stagga Lee","https://www.wikidata.org/wiki/Q7596921"
"6490","Staind","https://www.wikidata.org/wiki/Q266496"
"6497","Stan Freberg","https://www.wikidata.org/wiki/Q3288585"
"6499","Starley","https://www.wikidata.org/wiki/Q28054068"
"6500","Steel Magnolia","https://www.wikidata.org/wiki/Q116411"
"6501","Steve Aoki","https://www.wikidata.org/wiki/Q459955"
"6503","Steve Azar","https://www.wikidata.org/wiki/Q3498845"
"6504","Steve Holy","https://www.wikidata.org/wiki/Q7612879"
"6507","Steven Tyler","https://www.wikidata.org/wiki/Q194045"
"6509","Stevie Wonder","https://www.wikidata.org/wiki/Q714"
"6510","Sting","https://www.wikidata.org/wiki/Q483203"
"6511","Stone Sour","https://www.wikidata.org/wiki/Q725469"
"6513","Styles P","https://www.wikidata.org/wiki/Q728494"
"6514","Sugababes","https://www.wikidata.org/wiki/Q193697"
"6515","Sugarland","https://www.wikidata.org/wiki/Q1200415"
"6529","Sum 41","https://www.wikidata.org/wiki/Q483558"
"6530","Sundance Head","https://www.wikidata.org/wiki/Q28033704"
"6532","sunday",""
"6533","Sunny Sweeney","https://www.wikidata.org/wiki/Q656169"
"6534","Sunshine Anderson","https://www.wikidata.org/wiki/Q2745830"
"6535","Susan Boyle","https://www.wikidata.org/wiki/Q83493"
"6537","Swedish House Mafia","https://www.wikidata.org/wiki/Q20709"
"6539","Switchfoot","https://www.wikidata.org/wiki/Q722232"
"6542","Swizz Beatz","https://www.wikidata.org/wiki/Q240523"
"6544","System of a Down","https://www.wikidata.org/wiki/Q45165"
"6549","SZA","https://www.wikidata.org/wiki/Q16210722"
"6554","T-Pain","https://www.wikidata.org/wiki/Q221155"
"6569","T-Wayne","https://www.wikidata.org/wiki/Q20081181"
"6570","t.A.T.u.","https://www.wikidata.org/wiki/Q161723"
"6571","T.I.","https://www.wikidata.org/wiki/Q214227"
"6604","T.O.K.","https://www.wikidata.org/wiki/Q1383312"
"6606","Taio Cruz","https://www.wikidata.org/wiki/Q313370"
"6611","Taking Back Sunday","https://www.wikidata.org/wiki/Q283487"
"6612","Talib Kweli","https://www.wikidata.org/wiki/Q318755"
"6613","Tamar Estine Braxton","https://www.wikidata.org/wiki/Q437375"
"6616","Tamia","https://www.wikidata.org/wiki/Q271874"
"6619","Tammy Cochran","https://www.wikidata.org/wiki/Q7681571"
"6620","Tank","https://www.wikidata.org/wiki/Q2406179"
"6625","Tanto Metro","https://www.wikidata.org/wiki/Q54601055"
"6626","Tay-K","https://www.wikidata.org/wiki/Q37321400"
"6629","Taylor Hicks","https://www.wikidata.org/wiki/Q316644"
"6631","Taylor John Williams","https://www.wikidata.org/wiki/Q18719137"
"6632","Taylor Swift","https://www.wikidata.org/wiki/Q26876"
"6710","Teairra Marí","https://www.wikidata.org/wiki/Q450659"
"6711","Tech N9ne","https://www.wikidata.org/wiki/Q359303"
"6712","Teddy Geiger","https://www.wikidata.org/wiki/Q1190500"
"6713","Tee Grizzley","https://www.wikidata.org/wiki/Q28732615"
"6714","TeeFlii","https://www.wikidata.org/wiki/Q16231983"
"6715","Teena Marie","https://www.wikidata.org/wiki/Q235931"
"6717","Tegan and Sara","https://www.wikidata.org/wiki/Q734756"
"6719","Télépopmusik","https://www.wikidata.org/wiki/Q780831"
"6720","Tenacious D","https://www.wikidata.org/wiki/Q205780"
"6721","Terri Clark","https://www.wikidata.org/wiki/Q445760"
"6724","Terror Squad","https://www.wikidata.org/wiki/Q11250611"
"6726","Terry McDermott","https://www.wikidata.org/wiki/Q7704774"
"6728","Tessanne Chin","https://www.wikidata.org/wiki/Q7705636"
"6731","Tha Eastsidaz","https://www.wikidata.org/wiki/Q1320492"
"6733","Thalía","https://www.wikidata.org/wiki/Q171235"
"6734","The 1975","https://www.wikidata.org/wiki/Q2811247"
"6736","The Afters","https://www.wikidata.org/wiki/Q2147388"
"6737","The Alchemist","https://www.wikidata.org/wiki/Q704757"
"6738","The All-American Rejects","https://www.wikidata.org/wiki/Q214237"
"6744","The Ataris","https://www.wikidata.org/wiki/Q1373222"
"6745","The Band Perry","https://www.wikidata.org/wiki/Q1460017"
"6753","the barden bellas",""
"6756","The Black Eyed Peas","https://www.wikidata.org/wiki/Q134541"
"6772","The Black Keys","https://www.wikidata.org/wiki/Q606226"
"6776","The Bravery","https://www.wikidata.org/wiki/Q286364"
"6777","The Calling","https://www.wikidata.org/wiki/Q523449"
"6778","The Chainsmokers","https://www.wikidata.org/wiki/Q7721993"
"6791","The Cheetah Girls","https://www.wikidata.org/wiki/Q1771590"
"6793","The Clark Family Experience","https://www.wikidata.org/wiki/Q7723275"
"6794","The Click Five","https://www.wikidata.org/wiki/Q933296"
"6796","The Corrs","https://www.wikidata.org/wiki/Q192915"
"6797","The Dirty Heads","https://www.wikidata.org/wiki/Q2410892"
"6798","The Finatticz","https://www.wikidata.org/wiki/Q18389685"
"6799","The Fratellis","https://www.wikidata.org/wiki/Q1127565"
"6800","The Fray","https://www.wikidata.org/wiki/Q271513"
"6809","The Game","https://www.wikidata.org/wiki/Q189936"
"6823","The Hives","https://www.wikidata.org/wiki/Q287690"
"6824","The Isley Brothers","https://www.wikidata.org/wiki/Q178134"
"6826","the JaneDear girls","https://www.wikidata.org/wiki/Q7742948"
"6827","The Killers","https://www.wikidata.org/wiki/Q220730"
"6838","The Last Goodnight","https://www.wikidata.org/wiki/Q372706"
"6839","The Lonely Island","https://www.wikidata.org/wiki/Q863573"
"6845","The Lost Trailers","https://www.wikidata.org/wiki/Q7748756"
"6846","The Lox","https://www.wikidata.org/wiki/Q2300842"
"6847","The Lumineers","https://www.wikidata.org/wiki/Q496101"
"6850","The Mars Volta","https://www.wikidata.org/wiki/Q484993"
"6851","The Neighbourhood","https://www.wikidata.org/wiki/Q7753383"
"6852","The Notorious B.I.G.","https://www.wikidata.org/wiki/Q179157"
"6854","The Offspring","https://www.wikidata.org/wiki/Q157041"
"6858","The Pack","https://www.wikidata.org/wiki/Q21175564"
"6859","The Postal Service","https://www.wikidata.org/wiki/Q1239214"
"6860","The Pussycat Dolls","https://www.wikidata.org/wiki/Q102385"
"6871","The Raconteurs","https://www.wikidata.org/wiki/Q912909"
"6872","The Ready Set","https://www.wikidata.org/wiki/Q504220"
"6873","The Red Jumpsuit Apparatus","https://www.wikidata.org/wiki/Q869693"
"6875","The Rej3ctz","https://www.wikidata.org/wiki/Q7760091"
"6876","The Revivalists","https://www.wikidata.org/wiki/Q16929773"
"6877","The Rock Heroes","https://www.wikidata.org/wiki/Q17087086"
"6878","The Rolling Stones","https://www.wikidata.org/wiki/Q11036"
"6879","The Roots","https://www.wikidata.org/wiki/Q1052139"
"6880","The Script","https://www.wikidata.org/wiki/Q459585"
"6886","The Shins","https://www.wikidata.org/wiki/Q58391"
"6887","The Smashing Pumpkins","https://www.wikidata.org/wiki/Q184217"
"6889","The Strokes","https://www.wikidata.org/wiki/Q211583"
"6890","The Swon Brothers","https://www.wikidata.org/wiki/Q16226634"
"6894","The Ting Tings","https://www.wikidata.org/wiki/Q219939"
"6896","The Used","https://www.wikidata.org/wiki/Q847970"
"6897","The Veronicas","https://www.wikidata.org/wiki/Q721992"
"6899","The Wallflowers","https://www.wikidata.org/wiki/Q643005"
"6900","The Wanted","https://www.wikidata.org/wiki/Q34918"
"6904","The Weeknd","https://www.wikidata.org/wiki/Q2121062"
"6941","The White Buffalo","https://www.wikidata.org/wiki/Q3989990"
"6942","The White Stripes","https://www.wikidata.org/wiki/Q268160"
"6945","The White Tie Affair","https://www.wikidata.org/wiki/Q3308998"
"6946","The Wiseguys","https://www.wikidata.org/wiki/Q1430899"
"6947","The Wreckers","https://www.wikidata.org/wiki/Q1857842"
"6949","The X-Ecutioners","https://www.wikidata.org/wiki/Q2268060"
"6950","The-Dream","https://www.wikidata.org/wiki/Q351055"
"6957","Theory of a Deadman","https://www.wikidata.org/wiki/Q744242"
"6960","Thirty Seconds to Mars","https://www.wikidata.org/wiki/Q40585"
"6966","Thomas Rhett","https://www.wikidata.org/wiki/Q7793491"
"6980","Thompson Square","https://www.wikidata.org/wiki/Q211530"
"6985","Three 6 Mafia","https://www.wikidata.org/wiki/Q1027165"
"6991","Three Days Grace","https://www.wikidata.org/wiki/Q486825"
"6998","Thriving Ivory","https://www.wikidata.org/wiki/Q2429576"
"6999","Tiësto","https://www.wikidata.org/wiki/Q183508"
"7001","Tim McGraw","https://www.wikidata.org/wiki/Q356487"
"7043","Tim Rushlow","https://www.wikidata.org/wiki/Q7804202"
"7044","Timbaland","https://www.wikidata.org/wiki/Q179257"
"7055","Tinashe","https://www.wikidata.org/wiki/Q434745"
"7056","Tinie Tempah","https://www.wikidata.org/wiki/Q46321"
"7058","Toby Keith","https://www.wikidata.org/wiki/Q559819"
"7093","Toby Love","https://www.wikidata.org/wiki/Q1459550"
"7094","Tom Petty","https://www.wikidata.org/wiki/Q311655"
"7095","Tommy Lee","https://www.wikidata.org/wiki/Q331748"
"7096","Tommy Shane Steiner","https://www.wikidata.org/wiki/Q7819848"
"7097","Toni Braxton","https://www.wikidata.org/wiki/Q155412"
"7101","Tony Bennett","https://www.wikidata.org/wiki/Q296729"
"7102","Tony Lucca","https://www.wikidata.org/wiki/Q3381897"
"7103","Tony Yayo","https://www.wikidata.org/wiki/Q301515"
"7104","Too Short","https://www.wikidata.org/wiki/Q158223"
"7105","Tool","https://www.wikidata.org/wiki/Q184827"
"7106","Tori Kelly","https://www.wikidata.org/wiki/Q7825754"
"7109","Tory Lanez","https://www.wikidata.org/wiki/Q18353558"
"7111","Tove Lo","https://www.wikidata.org/wiki/Q15948790"
"7114","Toya","https://www.wikidata.org/wiki/Q7830558"
"7116","Trace Adkins","https://www.wikidata.org/wiki/Q967817"
"7132","Tracie Spencer","https://www.wikidata.org/wiki/Q274565"
"7133","Tracy Byrd","https://www.wikidata.org/wiki/Q174766"
"7138","Tracy Lawrence","https://www.wikidata.org/wiki/Q2447661"
"7141","Train","https://www.wikidata.org/wiki/Q282531"
"7155","Trapt","https://www.wikidata.org/wiki/Q1143223"
"7157","Travie McCoy","https://www.wikidata.org/wiki/Q314107"
"7159","Travis Porter","https://www.wikidata.org/wiki/Q2450671"
"7162","Travis Scott","https://www.wikidata.org/wiki/Q13605596"
"7168","Travis Tritt","https://www.wikidata.org/wiki/Q188235"
"7172","Trent Tomlinson","https://www.wikidata.org/wiki/Q7838467"
"7173","Trey Songz","https://www.wikidata.org/wiki/Q320190"
"7198","Trick Daddy","https://www.wikidata.org/wiki/Q919386"
"7207","Trick Pony","https://www.wikidata.org/wiki/Q3539042"
"7209","Trick-Trick","https://www.wikidata.org/wiki/Q708009"
"7210","Trillville","https://www.wikidata.org/wiki/Q3998800"
"7212","Trina","https://www.wikidata.org/wiki/Q257150"
"7215","Trinidad James","https://www.wikidata.org/wiki/Q4140065"
"7216","Trippie Redd","https://www.wikidata.org/wiki/Q40890697"
"7217","Trisha Yearwood","https://www.wikidata.org/wiki/Q464251"
"7220","Troop 41","https://www.wikidata.org/wiki/Q7845539"
"7221","Troye Sivan","https://www.wikidata.org/wiki/Q1362028"
"7224","Trust Company","https://www.wikidata.org/wiki/Q1191293"
"7225","Truth Hurts","https://www.wikidata.org/wiki/Q274096"
"7226","Tucker Beathard","https://www.wikidata.org/wiki/Q23887725"
"7227","Tupac Shakur","https://www.wikidata.org/wiki/Q6107"
"7235","Tweet","https://www.wikidata.org/wiki/Q267265"
"7237","twenty one pilots","https://www.wikidata.org/wiki/Q7857806"
"7243","Twista","https://www.wikidata.org/wiki/Q448638"
"7254","Ty Dolla $ign","https://www.wikidata.org/wiki/Q7859785"
"7258","Ty Herndon","https://www.wikidata.org/wiki/Q2462520"
"7259","Tyga","https://www.wikidata.org/wiki/Q358087"
"7270","Tyler Farr","https://www.wikidata.org/wiki/Q7860004"
"7273","Tyler, The Creator","https://www.wikidata.org/wiki/Q167635"
"7275","Tyrese Gibson","https://www.wikidata.org/wiki/Q311232"
"7279","U2","https://www.wikidata.org/wiki/Q396"
"7288","UGK","https://www.wikidata.org/wiki/Q1153351"
"7289","Ugly God","https://www.wikidata.org/wiki/Q30501760"
"7290","Uncle Kracker","https://www.wikidata.org/wiki/Q1299129"
"7294","Unk","https://www.wikidata.org/wiki/Q782134"
"7296","Usher","https://www.wikidata.org/wiki/Q165911"
"7329","V V Brown","https://www.wikidata.org/wiki/Q456957"
"7330","V.I.C.","https://www.wikidata.org/wiki/Q7905951"
"7332","Van Halen","https://www.wikidata.org/wiki/Q190155"
"7333","Van Zant","https://www.wikidata.org/wiki/Q3511062"
"7334","Vance Joy","https://www.wikidata.org/wiki/Q15044005"
"7335","Vanessa Carlton","https://www.wikidata.org/wiki/Q233081"
"7338","Vanessa Hudgens","https://www.wikidata.org/wiki/Q123174"
"7350","various artists","https://www.wikidata.org/wiki/Q3108914"
"7351","Velvet Revolver","https://www.wikidata.org/wiki/Q223736"
"7353","Vertical Horizon","https://www.wikidata.org/wiki/Q2061582"
"7356","Vicci Martinez","https://www.wikidata.org/wiki/Q7924993"
"7359","Victorious: Music from the Hit TV Show","https://www.wikidata.org/wiki/Q2522881"
"7362","Vince Gill","https://www.wikidata.org/wiki/Q924232"
"7363","Vitamin C","https://www.wikidata.org/wiki/Q267406"
"7365","Vivian Green","https://www.wikidata.org/wiki/Q2529072"
"7366","Waka Flocka Flame","https://www.wikidata.org/wiki/Q571125"
"7372","Wale","https://www.wikidata.org/wiki/Q458519"
"7386","Walk the Moon","https://www.wikidata.org/wiki/Q3653206"
"7389","Walker Hayes","https://www.wikidata.org/wiki/Q7962267"
"7392","Wayne Wonder","https://www.wikidata.org/wiki/Q930156"
"7393","WC","https://www.wikidata.org/wiki/Q443065"
"7394","We the Kings","https://www.wikidata.org/wiki/Q1025255"
"7397","Webbie","https://www.wikidata.org/wiki/Q2605514"
"7399","Weezer","https://www.wikidata.org/wiki/Q209956"
"7404","Westlife","https://www.wikidata.org/wiki/Q151241"
"7405","Westside Connection","https://www.wikidata.org/wiki/Q1143920"
"7406","Wham!","https://www.wikidata.org/wiki/Q744087"
"7409","Whitney Houston","https://www.wikidata.org/wiki/Q34389"
"7423","Who Is Fancy","https://www.wikidata.org/wiki/Q19605366"
"7424","Will Champlin","https://www.wikidata.org/wiki/Q15522510"
"7425","Will Smith","https://www.wikidata.org/wiki/Q40096"
"7429","Will Young","https://www.wikidata.org/wiki/Q348906"
"7430","will.i.am","https://www.wikidata.org/wiki/Q185610"
"7440","Willa Ford","https://www.wikidata.org/wiki/Q262396"
"7441","William Michael Morgan","https://www.wikidata.org/wiki/Q22073664"
"7442","Willie Nelson","https://www.wikidata.org/wiki/Q206112"
"7443","Willow Smith","https://www.wikidata.org/wiki/Q298209"
"7445","Wisin","https://www.wikidata.org/wiki/Q6168030"
"7450","Wiz Khalifa","https://www.wikidata.org/wiki/Q117139"
"7514","Wonder Girls","https://www.wikidata.org/wiki/Q476119"
"7515","Wyclef Jean","https://www.wikidata.org/wiki/Q202663"
"7519","Wynonna Judd","https://www.wikidata.org/wiki/Q465130"
"7520","X Ambassadors","https://www.wikidata.org/wiki/Q15963313"
"7522","xenia",""
"7524","XXXTentacion","https://www.wikidata.org/wiki/Q28561969"
"7538","Xzibit","https://www.wikidata.org/wiki/Q189078"
"7540","Yael Naim","https://www.wikidata.org/wiki/Q464138"
"7541","Yankee Grey","https://www.wikidata.org/wiki/Q8048755"
"7543","YBN Nahmir","https://www.wikidata.org/wiki/Q45121636"
"7546","YC","https://www.wikidata.org/wiki/Q8045853"
"7547","Yeah Yeah Yeahs","https://www.wikidata.org/wiki/Q641858"
"7549","Yellowcard","https://www.wikidata.org/wiki/Q465075"
"7552","yfn lucci",""
"7554","YG","https://www.wikidata.org/wiki/Q3076050"
"7560","Ying Yang Twins","https://www.wikidata.org/wiki/Q942668"
"7569","Ylvis","https://www.wikidata.org/wiki/Q640053"
"7570","Yo Gotti","https://www.wikidata.org/wiki/Q586919"
"7582","Yolanda Adams","https://www.wikidata.org/wiki/Q270869"
"7583","Yolanda Be Cool","https://www.wikidata.org/wiki/Q1058926"
"7584","Young Buck","https://www.wikidata.org/wiki/Q311244"
"7587","Young Dro","https://www.wikidata.org/wiki/Q177736"
"7588","Young Greatness","https://www.wikidata.org/wiki/Q24260929"
"7589","Young Gunz","https://www.wikidata.org/wiki/Q2601255"
"7591","Young M.A","https://www.wikidata.org/wiki/Q27458833"
"7593","Young Money Entertainment","https://www.wikidata.org/wiki/Q1070152"
"7599","Young the Giant","https://www.wikidata.org/wiki/Q2499094"
"7601","Young Thug","https://www.wikidata.org/wiki/Q15637814"
"7609","YoungBloodZ","https://www.wikidata.org/wiki/Q2630403"
"7611","YoungBoy Never Broke Again","https://www.wikidata.org/wiki/Q36490532"
"7619","Yung Berg","https://www.wikidata.org/wiki/Q922930"
"7621","Yung Joc","https://www.wikidata.org/wiki/Q169034"
"7625","Yung L.A.","https://www.wikidata.org/wiki/Q1041032"
"7626","Yung Wun","https://www.wikidata.org/wiki/Q8061276"
"7627","Zac Brown Band","https://www.wikidata.org/wiki/Q139154"
"7646","Zac Efron","https://www.wikidata.org/wiki/Q45229"
"7654","Zach Sobiech","https://www.wikidata.org/wiki/Q13360311"
"7655","Zara Larsson","https://www.wikidata.org/wiki/Q4177928"
"7658","Zay Hilfigerrr","https://www.wikidata.org/wiki/Q55859289"
"7659","Zayion McCall","https://www.wikidata.org/wiki/Q55859293"
"7660","Zayn Malik","https://www.wikidata.org/wiki/Q3626950"
"7668","Zedd","https://www.wikidata.org/wiki/Q21088"
"7677","Zendaya","https://www.wikidata.org/wiki/Q189489"
"7679","Zombie Nation","https://www.wikidata.org/wiki/Q219191"
"7680","Bad Bunny","https://www.wikidata.org/wiki/Q44333953"
"7682","big mato",""
"7684","BloodPop","https://www.wikidata.org/wiki/Q26923452"
"7685","Booboo Stewart","https://www.wikidata.org/wiki/Q368129"
"7687","Darell","https://www.wikidata.org/wiki/Q56467651"
"7688","James Wade","https://www.wikidata.org/wiki/Q730238"
"7692","John Martin","https://www.wikidata.org/wiki/Q1288067"
"7693","milo",""
"7694","Mr Hudson","https://www.wikidata.org/wiki/Q1359723"
"7695","Naomi Scott","https://www.wikidata.org/wiki/Q254894"
"7697","Outlawz","https://www.wikidata.org/wiki/Q1057147"
"7698","The Edge","https://www.wikidata.org/wiki/Q714845"
"7699","Adam Hicks","https://www.wikidata.org/wiki/Q266228"
"7701","agatha lee monn",""
"7702","Bono","https://www.wikidata.org/wiki/Q834621"
"7703","Cameron Boyce","https://www.wikidata.org/wiki/Q553704"
"7705","Chris Lake","https://www.wikidata.org/wiki/Q958543"
"7706","Drew Seeley","https://www.wikidata.org/wiki/Q314638"
"7707","gemstar",""
"7709","Grace Phipps","https://www.wikidata.org/wiki/Q1541060"
"7710","Lil Phat","https://www.wikidata.org/wiki/Q6547417"
"7711","Nio Garcia",""
"7712","Nirad C. Chaudhuri","https://www.wikidata.org/wiki/Q982828"
"7713","the treblemakers",""
"7714","Thomas Doherty","https://www.wikidata.org/wiki/Q27909349"
"7715","wacko",""
"7716","Case","https://www.wikidata.org/wiki/Q2940906"
"7717","Mack Maine","https://www.wikidata.org/wiki/Q5924475"
"7718","Nina Sky","https://www.wikidata.org/wiki/Q1669590"
"7720","Anne-Marie","https://www.wikidata.org/wiki/Q25396976"
"7721","Grey",""
"7722","James Blake","https://www.wikidata.org/wiki/Q350362"
"7723","Normani","https://www.wikidata.org/wiki/Q28148022"
"7724","Saud of Saudi Arabia","https://www.wikidata.org/wiki/Q244206"
"7725","Swae Lee","https://www.wikidata.org/wiki/Q30103025"
"7726","The Greatest Showman: Original Motion Picture Soundtrack","https://www.wikidata.org/wiki/Q42704267"
